eventID,trackID,parentID,particle,istep,pre_x,pre_y,pre_z,post_x,post_y,post_z,ke_pre_MeV,ke_post_MeV,volume,process,edep_MeV
126734,1,0,neutron,1,1.35402,-200,-0.81075,1.35402,-51,-0.81075,2.04847e-07,2.04847e-07,World,Transportation,0
126734,1,0,neutron,2,1.35402,-51,-0.81075,1.35402,-45.8683,-0.81075,2.04847e-07,0,He3Cap_Al,nCapture,0
126734,3,1,gamma,1,1.35402,-45.8683,-0.81075,-3.06124,-46.3157,-1.32798,7.72512,0,He3Cap_Al,conv,0
126734,6,3,e-,1,-3.06124,-46.3157,-1.32798,-3.07225,-46.316,-1.31738,0.183098,0.176245,He3Cap_Al,msc,0.00685219
126734,6,3,e-,2,-3.07225,-46.316,-1.31738,-3.0824,-46.3185,-1.30737,0.176245,0.168775,He3Cap_Al,msc,0.00747032
126734,6,3,e-,3,-3.0824,-46.3185,-1.30737,-3.09148,-46.3166,-1.29764,0.168775,0.16237,He3Cap_Al,msc,0.00640506
126734,6,3,e-,4,-3.09148,-46.3166,-1.29764,-3.10096,-46.3161,-1.28928,0.16237,0.155326,He3Cap_Al,msc,0.00704372
126734,6,3,e-,5,-3.10096,-46.3161,-1.28928,-3.10369,-46.3142,-1.27887,0.155326,0.143569,He3Cap_Al,msc,0.0117577
126734,6,3,e-,6,-3.10369,-46.3142,-1.27887,-3.09537,-46.3074,-1.25199,0.143569,0.121714,He3Cap_Al,eIoni,0.021855
126734,6,3,e-,7,-3.09537,-46.3074,-1.25199,-3.09449,-46.2841,-1.25084,0.121714,0.100308,He3Cap_Al,eIoni,0.021406
126734,6,3,e-,8,-3.09449,-46.2841,-1.25084,-3.08801,-46.2901,-1.26682,0.100308,0.0779097,He3Cap_Al,eIoni,0.022398
126734,6,3,e-,9,-3.08801,-46.2901,-1.26682,-3.08599,-46.2993,-1.27595,0.0779097,0.0569543,He3Cap_Al,eIoni,0.0209554
126734,6,3,e-,10,-3.08599,-46.2993,-1.27595,-3.0942,-46.2992,-1.27715,0.0569543,0.0317673,He3Cap_Al,eIoni,0.025187
126734,6,3,e-,11,-3.0942,-46.2992,-1.27715,-3.09378,-46.3018,-1.27871,0.0317673,0,He3Cap_Al,eIoni,0.0317673
126734,5,3,e+,1,-3.06124,-46.3157,-1.32798,-3.22213,-46.3322,-1.34834,1.87866,1.82239,He3Cap_Al,msc,0.0562652
126734,5,3,e+,2,-3.22213,-46.3322,-1.34834,-3.2292,-46.3328,-1.34899,1.82239,1.81032,He3Cap_Al,msc,0.0120702
126734,5,3,e+,3,-3.2292,-46.3328,-1.34899,-3.22956,-46.3329,-1.34905,1.81032,1.81016,He3Cap_Al,Transportation,0.00015963
126734,5,3,e+,4,-3.22956,-46.3329,-1.34905,-3.22957,-46.3329,-1.34905,1.81016,1.81016,He3Cap_CFRP,msc,2.19145e-06
126734,5,3,e+,5,-3.22957,-46.3329,-1.34905,-3.22959,-46.3329,-1.34905,1.81016,1.81016,He3Cap_CFRP,msc,3.59733e-06
126734,5,3,e+,6,-3.22959,-46.3329,-1.34905,-3.22985,-46.3329,-1.34909,1.81016,1.81016,He3Cap_CFRP,msc,0
126734,5,3,e+,7,-3.22985,-46.3329,-1.34909,-3.23096,-46.333,-1.34926,1.81016,1.81002,He3Cap_CFRP,msc,0.000138609
126734,5,3,e+,8,-3.23096,-46.333,-1.34926,-3.23479,-46.3333,-1.34982,1.81002,1.80792,He3Cap_CFRP,msc,0.00210169
126734,5,3,e+,9,-3.23479,-46.3333,-1.34982,-3.23984,-46.3337,-1.35054,1.80792,1.80657,He3Cap_CFRP,msc,0.00134596
126734,5,3,e+,10,-3.23984,-46.3337,-1.35054,-3.24979,-46.3343,-1.35193,1.80657,1.80401,He3Cap_CFRP,msc,0.00255789
126734,5,3,e+,11,-3.24979,-46.3343,-1.35193,-3.2693,-46.336,-1.35478,1.80401,1.80169,He3Cap_CFRP,msc,0.00232184
126734,5,3,e+,12,-3.2693,-46.336,-1.35478,-3.30766,-46.3398,-1.35981,1.80169,1.7969,He3Cap_CFRP,msc,0.00478697
126734,5,3,e+,13,-3.30766,-46.3398,-1.35981,-3.38338,-46.3468,-1.36551,1.7969,1.78301,He3Cap_CFRP,msc,0.0138936
126734,5,3,e+,14,-3.38338,-46.3468,-1.36551,-3.53095,-46.3611,-1.37244,1.78301,1.75483,He3Cap_CFRP,msc,0.0281801
126734,5,3,e+,15,-3.53095,-46.3611,-1.37244,-3.81799,-46.3649,-1.39086,1.75483,1.70196,He3Cap_CFRP,msc,0.0528739
126734,5,3,e+,16,-3.81799,-46.3649,-1.39086,-4.15167,-46.399,-1.38457,1.70196,1.63201,He3Cap_CFRP,msc,0.0699512
126734,5,3,e+,17,-4.15167,-46.399,-1.38457,-4.17497,-46.4018,-1.38594,1.63201,1.62748,He3Cap_CFRP,msc,0.00452591
126734,5,3,e+,18,-4.17497,-46.4018,-1.38594,-4.17601,-46.4019,-1.38599,1.62748,1.62739,He3Cap_CFRP,Transportation,9.11839e-05
126734,5,3,e+,19,-4.17601,-46.4019,-1.38599,-5.84936,-46.5977,-1.46682,1.62739,1.62726,World,msc,0.000131263
126734,5,3,e+,20,-5.84936,-46.5977,-1.46682,-6.32459,-46.6521,-1.48881,1.62726,1.6272,World,msc,6.17895e-05
126734,5,3,e+,21,-6.32459,-46.6521,-1.48881,-7.92391,-46.831,-1.55658,1.6272,1.62679,World,msc,0.000401862
126734,5,3,e+,22,-7.92391,-46.831,-1.55658,-11.5746,-47.2252,-1.71454,1.62679,1.62637,World,msc,0.000421855
126734,5,3,e+,23,-11.5746,-47.2252,-1.71454,-18.8284,-47.9836,-2.04643,1.62637,1.6248,World,msc,0.00157534
126734,5,3,e+,24,-18.8284,-47.9836,-2.04643,-33.2979,-49.3238,-2.49178,1.6248,1.62187,World,msc,0.00292958
126734,5,3,e+,25,-33.2979,-49.3238,-2.49178,-62.0112,-53.2365,-2.79482,1.62187,1.61841,World,msc,0.00345498
126734,5,3,e+,26,-62.0112,-53.2365,-2.79482,-112.95,-61.9267,-3.30119,1.61841,1.60951,World,eIoni,0.00558898
126734,5,3,e+,27,-112.95,-61.9267,-3.30119,-192.026,-79.5657,-4.04771,1.60951,1.59866,World,eIoni,0.00912928
126734,5,3,e+,28,-192.026,-79.5657,-4.04771,-203.585,-82.6895,-4.0492,1.59866,1.59653,World,msc,0.00213426
126734,5,3,e+,29,-203.585,-82.6895,-4.0492,-204,-82.7986,-4.05161,1.59653,1.59653,World,Transportation,0
126734,5,3,e+,30,-204,-82.7986,-4.05161,-204,-82.7986,-4.05161,1.59653,1.59653,GasWindow_Mylar,msc,0
126734,5,3,e+,31,-204,-82.7986,-4.05161,-204,-82.7987,-4.05161,1.59653,1.59651,GasWindow_Mylar,msc,2.24322e-05
126734,5,3,e+,32,-204,-82.7987,-4.05161,-204.001,-82.7988,-4.05161,1.59651,1.5965,GasWindow_Mylar,msc,1.06762e-05
126734,5,3,e+,33,-204.001,-82.7988,-4.05161,-204.002,-82.7991,-4.05162,1.5965,1.59638,GasWindow_Mylar,msc,0.000120078
126734,5,3,e+,34,-204.002,-82.7991,-4.05162,-204.002,-82.7991,-4.05163,1.59638,1.59638,GasWindow_Mylar,msc,0
126734,5,3,e+,35,-204.002,-82.7991,-4.05163,-204.002,-82.7992,-4.05163,1.59638,1.59637,GasWindow_Mylar,msc,2.8335e-06
126734,5,3,e+,36,-204.002,-82.7992,-4.05163,-204.003,-82.7994,-4.05164,1.59637,1.59628,GasWindow_Mylar,msc,9.01787e-05
126734,5,3,e+,37,-204.003,-82.7994,-4.05164,-204.006,-82.8003,-4.05166,1.59628,1.59539,GasWindow_Mylar,msc,0.000893862
126734,5,3,e+,38,-204.006,-82.8003,-4.05166,-204.012,-82.802,-4.05166,1.59539,1.59464,GasWindow_Mylar,msc,0.000743399
126734,5,3,e+,39,-204.012,-82.802,-4.05166,-204.023,-82.8055,-4.05133,1.59464,1.59362,GasWindow_Mylar,msc,0.00102307
126734,5,3,e+,40,-204.023,-82.8055,-4.05133,-204.039,-82.8114,-4.05055,1.59362,1.59131,GasWindow_Mylar,msc,0.00231451
126734,5,3,e+,41,-204.039,-82.8114,-4.05055,-204.04,-82.8118,-4.05049,1.59131,1.59114,GasWindow_Mylar,Transportation,0.00016879
126734,5,3,e+,42,-204.04,-82.8118,-4.05049,-204.04,-82.8118,-4.05048,1.59114,1.59113,GasWindow_Al,Transportation,1.23731e-05
126734,5,3,e+,43,-204.04,-82.8118,-4.05048,-204.04,-82.812,-4.05046,1.59113,1.59113,DriftCathode_Kapton,msc,0
126734,5,3,e+,44,-204.04,-82.812,-4.05046,-204.042,-82.8124,-4.05039,1.59113,1.59099,DriftCathode_Kapton,msc,0.000133622
126734,5,3,e+,45,-204.042,-82.8124,-4.05039,-204.042,-82.8126,-4.05037,1.59099,1.59088,DriftCathode_Kapton,msc,0.0001135
126734,5,3,e+,46,-204.042,-82.8126,-4.05037,-204.043,-82.8129,-4.05034,1.59088,1.59083,DriftCathode_Kapton,msc,5.32602e-05
126734,5,3,e+,47,-204.043,-82.8129,-4.05034,-204.045,-82.8136,-4.05025,1.59083,1.59075,DriftCathode_Kapton,msc,7.50083e-05
126734,5,3,e+,48,-204.045,-82.8136,-4.05025,-204.049,-82.8152,-4.05011,1.59075,1.59015,DriftCathode_Kapton,msc,0.000601881
126734,5,3,e+,49,-204.049,-82.8152,-4.05011,-204.057,-82.8181,-4.04989,1.59015,1.58922,DriftCathode_Kapton,msc,0.00093155
126734,5,3,e+,50,-204.057,-82.8181,-4.04989,-204.073,-82.8239,-4.04927,1.58922,1.58628,DriftCathode_Kapton,msc,0.00293827
126734,5,3,e+,51,-204.073,-82.8239,-4.04927,-204.089,-82.8298,-4.04888,1.58628,1.58397,DriftCathode_Kapton,msc,0.00231244
126734,5,3,e+,52,-204.089,-82.8298,-4.04888,-204.089,-82.8298,-4.04888,1.58397,1.58396,DriftCathode_Kapton,msc,8.58188e-06
126734,5,3,e+,53,-204.089,-82.8298,-4.04888,-204.089,-82.8298,-4.04888,1.58396,1.58395,DriftCathode_Kapton,msc,6.38562e-06
126734,5,3,e+,54,-204.089,-82.8298,-4.04888,-204.09,-82.83,-4.04887,1.58395,1.58394,DriftCathode_Kapton,msc,1.38492e-05
126734,5,3,e+,55,-204.09,-82.83,-4.04887,-204.09,-82.8301,-4.04887,1.58394,1.58389,DriftCathode_Kapton,Transportation,5.09101e-05
126734,5,3,e+,56,-204.09,-82.8301,-4.04887,-204.09,-82.8302,-4.04887,1.58389,1.58387,DriftCathode_Cu,msc,1.75872e-05
126734,5,3,e+,57,-204.09,-82.8302,-4.04887,-204.09,-82.8302,-4.04887,1.58387,1.58386,DriftCathode_Cu,msc,7.88965e-06
126734,5,3,e+,58,-204.09,-82.8302,-4.04887,-204.09,-82.8302,-4.04887,1.58386,1.58356,DriftCathode_Cu,msc,0.000303579
126734,5,3,e+,59,-204.09,-82.8302,-4.04887,-204.09,-82.8302,-4.04887,1.58356,1.58355,DriftCathode_Cu,msc,9.50718e-06
126734,5,3,e+,60,-204.09,-82.8302,-4.04887,-204.09,-82.8302,-4.04887,1.58355,1.58349,DriftCathode_Cu,msc,5.33736e-05
126734,5,3,e+,61,-204.09,-82.8302,-4.04887,-204.09,-82.8302,-4.04887,1.58349,1.58349,DriftCathode_Cu,msc,0
126734,5,3,e+,62,-204.09,-82.8302,-4.04887,-204.091,-82.8303,-4.04887,1.58349,1.58348,DriftCathode_Cu,msc,1.43749e-05
126734,5,3,e+,63,-204.091,-82.8303,-4.04887,-204.091,-82.8304,-4.04888,1.58348,1.5834,DriftCathode_Cu,msc,8.4802e-05
126734,5,3,e+,64,-204.091,-82.8304,-4.04888,-204.092,-82.8307,-4.04891,1.5834,1.58257,DriftCathode_Cu,msc,0.000828064
126734,5,3,e+,65,-204.092,-82.8307,-4.04891,-204.094,-82.8312,-4.04894,1.58257,1.58112,DriftCathode_Cu,msc,0.00144477
126734,5,3,e+,66,-204.094,-82.8312,-4.04894,-204.097,-82.8323,-4.04891,1.58112,1.57755,DriftCathode_Cu,msc,0.00356955
126734,5,3,e+,67,-204.097,-82.8323,-4.04891,-204.099,-82.8329,-4.04883,1.57755,1.57544,DriftCathode_Cu,msc,0.00211623
126734,5,3,e+,68,-204.099,-82.8329,-4.04883,-204.099,-82.8329,-4.04883,1.57544,1.57542,DriftCathode_Cu,msc,1.42301e-05
126734,5,3,e+,69,-204.099,-82.8329,-4.04883,-204.099,-82.8329,-4.04882,1.57542,1.57542,DriftCathode_Cu,msc,0
126734,5,3,e+,70,-204.099,-82.8329,-4.04882,-204.099,-82.8329,-4.04882,1.57542,1.57542,DriftCathode_Cu,msc,0
126734,5,3,e+,71,-204.099,-82.8329,-4.04882,-204.099,-82.8329,-4.04882,1.57542,1.57541,DriftCathode_Cu,msc,9.03465e-06
126734,5,3,e+,72,-204.099,-82.8329,-4.04882,-204.099,-82.8329,-4.04882,1.57541,1.57541,DriftCathode_Cu,Transportation,1.8235e-06
126734,5,3,e+,73,-204.099,-82.8329,-4.04882,-204.194,-82.8624,-4.04141,1.57541,1.57541,DriftGas,StepLimiter,0
126734,5,3,e+,74,-204.194,-82.8624,-4.04141,-204.29,-82.892,-4.03399,1.57541,1.57541,DriftGas,StepLimiter,0
126734,5,3,e+,75,-204.29,-82.892,-4.03399,-204.385,-82.9215,-4.02658,1.57541,1.57541,DriftGas,StepLimiter,0
126734,5,3,e+,76,-204.385,-82.9215,-4.02658,-204.48,-82.951,-4.01916,1.57541,1.57541,DriftGas,StepLimiter,0
126734,5,3,e+,77,-204.48,-82.951,-4.01916,-204.575,-82.9805,-4.01174,1.57541,1.57541,DriftGas,StepLimiter,0
126734,5,3,e+,78,-204.575,-82.9805,-4.01174,-204.671,-83.01,-4.00433,1.57541,1.57541,DriftGas,StepLimiter,0
126734,5,3,e+,79,-204.671,-83.01,-4.00433,-204.766,-83.0395,-3.99691,1.57541,1.57541,DriftGas,StepLimiter,0
126734,5,3,e+,80,-204.766,-83.0395,-3.99691,-204.861,-83.069,-3.9895,1.57541,1.5753,DriftGas,StepLimiter,0.000116226
126734,5,3,e+,81,-204.861,-83.069,-3.9895,-204.956,-83.0985,-3.98208,1.5753,1.5753,DriftGas,StepLimiter,0
126734,5,3,e+,82,-204.956,-83.0985,-3.98208,-205.052,-83.128,-3.97467,1.5753,1.5753,DriftGas,StepLimiter,0
126734,5,3,e+,83,-205.052,-83.128,-3.97467,-205.107,-83.1453,-3.97034,1.5753,1.57352,DriftGas,eIoni,9.72187e-06
126734,5,3,e+,84,-205.107,-83.1453,-3.97034,-205.203,-83.1728,-3.96249,1.57352,1.57352,DriftGas,StepLimiter,0
126734,5,3,e+,85,-205.203,-83.1728,-3.96249,-205.299,-83.2003,-3.95463,1.57352,1.57352,DriftGas,StepLimiter,0
126734,5,3,e+,86,-205.299,-83.2003,-3.95463,-205.395,-83.2278,-3.94678,1.57352,1.5735,DriftGas,StepLimiter,2.0441e-05
126734,5,3,e+,87,-205.395,-83.2278,-3.94678,-205.491,-83.2554,-3.93892,1.5735,1.5735,DriftGas,StepLimiter,0
126734,5,3,e+,88,-205.491,-83.2554,-3.93892,-205.586,-83.2829,-3.93107,1.5735,1.5735,DriftGas,StepLimiter,0
126734,5,3,e+,89,-205.586,-83.2829,-3.93107,-205.682,-83.3104,-3.92321,1.5735,1.5735,DriftGas,StepLimiter,0
126734,5,3,e+,90,-205.682,-83.3104,-3.92321,-205.778,-83.338,-3.91536,1.5735,1.5735,DriftGas,StepLimiter,0
126734,5,3,e+,91,-205.778,-83.338,-3.91536,-205.874,-83.3655,-3.9075,1.5735,1.5735,DriftGas,StepLimiter,0
126734,5,3,e+,92,-205.874,-83.3655,-3.9075,-205.97,-83.393,-3.89964,1.5735,1.5735,DriftGas,StepLimiter,0
126734,5,3,e+,93,-205.97,-83.393,-3.89964,-206.065,-83.4206,-3.89179,1.5735,1.5735,DriftGas,StepLimiter,0
126734,5,3,e+,94,-206.065,-83.4206,-3.89179,-206.161,-83.4481,-3.88393,1.5735,1.5735,DriftGas,StepLimiter,0
126734,5,3,e+,95,-206.161,-83.4481,-3.88393,-206.257,-83.4756,-3.87608,1.5735,1.57348,DriftGas,StepLimiter,1.62406e-05
126734,5,3,e+,96,-206.257,-83.4756,-3.87608,-206.353,-83.5032,-3.86822,1.57348,1.57348,DriftGas,StepLimiter,0
126734,5,3,e+,97,-206.353,-83.5032,-3.86822,-206.449,-83.5307,-3.86037,1.57348,1.57348,DriftGas,StepLimiter,0
126734,5,3,e+,98,-206.449,-83.5307,-3.86037,-206.544,-83.5582,-3.85251,1.57348,1.57348,DriftGas,StepLimiter,0
126734,5,3,e+,99,-206.544,-83.5582,-3.85251,-206.64,-83.5858,-3.84466,1.57348,1.57346,DriftGas,StepLimiter,1.89511e-05
126734,5,3,e+,100,-206.64,-83.5858,-3.84466,-206.736,-83.6133,-3.8368,1.57346,1.57346,DriftGas,StepLimiter,0
126734,5,3,e+,101,-206.736,-83.6133,-3.8368,-206.832,-83.6408,-3.82895,1.57346,1.57346,DriftGas,StepLimiter,0
126734,5,3,e+,102,-206.832,-83.6408,-3.82895,-206.928,-83.6683,-3.82109,1.57346,1.57346,DriftGas,StepLimiter,0
126734,5,3,e+,103,-206.928,-83.6683,-3.82109,-207.024,-83.6959,-3.81324,1.57346,1.57346,DriftGas,StepLimiter,0
126734,5,3,e+,104,-207.024,-83.6959,-3.81324,-207.119,-83.7234,-3.80538,1.57346,1.57346,DriftGas,StepLimiter,0
126734,5,3,e+,105,-207.119,-83.7234,-3.80538,-207.215,-83.7509,-3.79753,1.57346,1.57346,DriftGas,StepLimiter,0
126734,5,3,e+,106,-207.215,-83.7509,-3.79753,-207.311,-83.7785,-3.78967,1.57346,1.57346,DriftGas,StepLimiter,0
126734,5,3,e+,107,-207.311,-83.7785,-3.78967,-207.407,-83.806,-3.78182,1.57346,1.57346,DriftGas,StepLimiter,0
126734,5,3,e+,108,-207.407,-83.806,-3.78182,-207.503,-83.8335,-3.77396,1.57346,1.57346,DriftGas,StepLimiter,0
126734,5,3,e+,109,-207.503,-83.8335,-3.77396,-207.598,-83.8611,-3.76611,1.57346,1.57346,DriftGas,StepLimiter,0
126734,5,3,e+,110,-207.598,-83.8611,-3.76611,-207.694,-83.8886,-3.75825,1.57346,1.57346,DriftGas,StepLimiter,0
126734,5,3,e+,111,-207.694,-83.8886,-3.75825,-207.79,-83.9161,-3.7504,1.57346,1.57346,DriftGas,StepLimiter,0
126734,5,3,e+,112,-207.79,-83.9161,-3.7504,-207.886,-83.9437,-3.74254,1.57346,1.57346,DriftGas,StepLimiter,0
126734,5,3,e+,113,-207.886,-83.9437,-3.74254,-207.938,-83.9586,-3.73829,1.57346,1.57345,DriftGas,msc,9.02512e-06
126734,5,3,e+,114,-207.938,-83.9586,-3.73829,-208.033,-83.9869,-3.73164,1.57345,1.57345,DriftGas,StepLimiter,0
126734,5,3,e+,115,-208.033,-83.9869,-3.73164,-208.129,-84.0152,-3.72499,1.57345,1.57345,DriftGas,StepLimiter,0
126734,5,3,e+,116,-208.129,-84.0152,-3.72499,-208.225,-84.0435,-3.71835,1.57345,1.57345,DriftGas,StepLimiter,0
126734,5,3,e+,117,-208.225,-84.0435,-3.71835,-208.32,-84.0718,-3.7117,1.57345,1.57345,DriftGas,StepLimiter,0
126734,5,3,e+,118,-208.32,-84.0718,-3.7117,-208.416,-84.1001,-3.70505,1.57345,1.57345,DriftGas,StepLimiter,0
126734,5,3,e+,119,-208.416,-84.1001,-3.70505,-208.512,-84.1285,-3.69841,1.57345,1.57345,DriftGas,StepLimiter,0
126734,5,3,e+,120,-208.512,-84.1285,-3.69841,-208.607,-84.1568,-3.69176,1.57345,1.57345,DriftGas,StepLimiter,0
126734,5,3,e+,121,-208.607,-84.1568,-3.69176,-208.703,-84.1851,-3.68511,1.57345,1.57345,DriftGas,StepLimiter,0
126734,5,3,e+,122,-208.703,-84.1851,-3.68511,-208.799,-84.2134,-3.67847,1.57345,1.57345,DriftGas,StepLimiter,0
126734,5,3,e+,123,-208.799,-84.2134,-3.67847,-208.895,-84.2417,-3.67182,1.57345,1.57342,DriftGas,StepLimiter,3.189e-05
126734,5,3,e+,124,-208.895,-84.2417,-3.67182,-208.99,-84.27,-3.66517,1.57342,1.57342,DriftGas,StepLimiter,0
126734,5,3,e+,125,-208.99,-84.27,-3.66517,-209.086,-84.2984,-3.65852,1.57342,1.57202,DriftGas,StepLimiter,0.00139766
126734,5,3,e+,126,-209.086,-84.2984,-3.65852,-209.182,-84.3267,-3.65188,1.57202,1.57202,DriftGas,StepLimiter,0
126734,5,3,e+,127,-209.182,-84.3267,-3.65188,-209.277,-84.355,-3.64523,1.57202,1.57181,DriftGas,StepLimiter,0.000209504
126734,5,3,e+,128,-209.277,-84.355,-3.64523,-209.373,-84.3833,-3.63858,1.57181,1.57181,DriftGas,StepLimiter,0
126734,5,3,e+,129,-209.373,-84.3833,-3.63858,-209.469,-84.4116,-3.63194,1.57181,1.57181,DriftGas,StepLimiter,0
126734,5,3,e+,130,-209.469,-84.4116,-3.63194,-209.485,-84.4164,-3.63081,1.57181,1.57181,DriftGas,msc,2.82317e-06
126734,5,3,e+,131,-209.485,-84.4164,-3.63081,-209.58,-84.4452,-3.62346,1.57181,1.57181,DriftGas,StepLimiter,0
126734,5,3,e+,132,-209.58,-84.4452,-3.62346,-209.676,-84.4741,-3.6161,1.57181,1.57181,DriftGas,StepLimiter,0
126734,5,3,e+,133,-209.676,-84.4741,-3.6161,-209.771,-84.5029,-3.60875,1.57181,1.57181,DriftGas,StepLimiter,0
126734,5,3,e+,134,-209.771,-84.5029,-3.60875,-209.85,-84.5266,-3.60271,1.57181,1.5717,DriftGas,msc,0.000106649
126734,5,3,e+,135,-209.85,-84.5266,-3.60271,-209.945,-84.5552,-3.59493,1.5717,1.5717,DriftGas,StepLimiter,0
126734,5,3,e+,136,-209.945,-84.5552,-3.59493,-210.041,-84.5838,-3.58716,1.5717,1.5717,DriftGas,StepLimiter,0
126734,5,3,e+,137,-210.041,-84.5838,-3.58716,-210.136,-84.6124,-3.57938,1.5717,1.5717,DriftGas,StepLimiter,0
126734,5,3,e+,138,-210.136,-84.6124,-3.57938,-210.232,-84.6411,-3.57161,1.5717,1.5717,DriftGas,StepLimiter,0
126734,5,3,e+,139,-210.232,-84.6411,-3.57161,-210.327,-84.6697,-3.56383,1.5717,1.5717,DriftGas,StepLimiter,0
126734,5,3,e+,140,-210.327,-84.6697,-3.56383,-210.423,-84.6983,-3.55606,1.5717,1.5717,DriftGas,StepLimiter,0
126734,5,3,e+,141,-210.423,-84.6983,-3.55606,-210.518,-84.727,-3.54828,1.5717,1.5717,DriftGas,StepLimiter,0
126734,5,3,e+,142,-210.518,-84.727,-3.54828,-210.614,-84.7556,-3.5405,1.5717,1.5717,DriftGas,StepLimiter,0
126734,5,3,e+,143,-210.614,-84.7556,-3.5405,-210.709,-84.7842,-3.53273,1.5717,1.5717,DriftGas,StepLimiter,0
126734,5,3,e+,144,-210.709,-84.7842,-3.53273,-210.805,-84.8129,-3.52495,1.5717,1.5717,DriftGas,StepLimiter,0
126734,5,3,e+,145,-210.805,-84.8129,-3.52495,-210.9,-84.8415,-3.51718,1.5717,1.5717,DriftGas,StepLimiter,0
126734,5,3,e+,146,-210.9,-84.8415,-3.51718,-210.996,-84.8701,-3.5094,1.5717,1.5717,DriftGas,StepLimiter,0
126734,5,3,e+,147,-210.996,-84.8701,-3.5094,-211.091,-84.8987,-3.50162,1.5717,1.57169,DriftGas,StepLimiter,1.68436e-05
126734,5,3,e+,148,-211.091,-84.8987,-3.50162,-211.187,-84.9274,-3.49385,1.57169,1.57169,DriftGas,StepLimiter,0
126734,5,3,e+,149,-211.187,-84.9274,-3.49385,-211.282,-84.956,-3.48607,1.57169,1.57169,DriftGas,StepLimiter,0
126734,5,3,e+,150,-211.282,-84.956,-3.48607,-211.378,-84.9846,-3.4783,1.57169,1.57169,DriftGas,StepLimiter,0
126734,5,3,e+,151,-211.378,-84.9846,-3.4783,-211.473,-85.0133,-3.47052,1.57169,1.57169,DriftGas,StepLimiter,0
126734,5,3,e+,152,-211.473,-85.0133,-3.47052,-211.569,-85.0419,-3.46275,1.57169,1.57162,DriftGas,StepLimiter,6.2938e-05
126734,5,3,e+,153,-211.569,-85.0419,-3.46275,-211.664,-85.0705,-3.45497,1.57162,1.57162,DriftGas,StepLimiter,0
126734,5,3,e+,154,-211.664,-85.0705,-3.45497,-211.76,-85.0991,-3.44719,1.57162,1.57162,DriftGas,StepLimiter,0
126734,5,3,e+,155,-211.76,-85.0991,-3.44719,-211.855,-85.1278,-3.43942,1.57162,1.57162,DriftGas,StepLimiter,0
126734,5,3,e+,156,-211.855,-85.1278,-3.43942,-211.951,-85.1564,-3.43164,1.57162,1.57162,DriftGas,StepLimiter,0
126734,5,3,e+,157,-211.951,-85.1564,-3.43164,-212.046,-85.185,-3.42387,1.57162,1.57162,DriftGas,StepLimiter,0
126734,5,3,e+,158,-212.046,-85.185,-3.42387,-212.142,-85.2137,-3.41609,1.57162,1.57162,DriftGas,StepLimiter,0
126734,5,3,e+,159,-212.142,-85.2137,-3.41609,-212.237,-85.2423,-3.40831,1.57162,1.57162,DriftGas,StepLimiter,0
126734,5,3,e+,160,-212.237,-85.2423,-3.40831,-212.333,-85.2709,-3.40054,1.57162,1.57162,DriftGas,StepLimiter,0
126734,5,3,e+,161,-212.333,-85.2709,-3.40054,-212.428,-85.2996,-3.39276,1.57162,1.57162,DriftGas,StepLimiter,0
126734,5,3,e+,162,-212.428,-85.2996,-3.39276,-212.513,-85.3249,-3.38588,1.57162,1.57162,DriftGas,msc,0
126734,5,3,e+,163,-212.513,-85.3249,-3.38588,-212.553,-85.3372,-3.38241,1.57162,1.57162,DriftGas,msc,7.12408e-06
126734,5,3,e+,164,-212.553,-85.3372,-3.38241,-212.649,-85.3654,-3.37579,1.57162,1.57162,DriftGas,StepLimiter,0
126734,5,3,e+,165,-212.649,-85.3654,-3.37579,-212.745,-85.3937,-3.36917,1.57162,1.57162,DriftGas,StepLimiter,0
126734,5,3,e+,166,-212.745,-85.3937,-3.36917,-212.84,-85.4219,-3.36254,1.57162,1.57162,DriftGas,StepLimiter,0
126734,5,3,e+,167,-212.84,-85.4219,-3.36254,-212.936,-85.4502,-3.35592,1.57162,1.57162,DriftGas,StepLimiter,0
126734,5,3,e+,168,-212.936,-85.4502,-3.35592,-212.955,-85.4558,-3.3546,1.57162,1.57161,DriftGas,msc,3.31969e-06
126734,5,3,e+,169,-212.955,-85.4558,-3.3546,-213.051,-85.4845,-3.34747,1.57161,1.57161,DriftGas,StepLimiter,0
126734,5,3,e+,170,-213.051,-85.4845,-3.34747,-213.146,-85.5132,-3.34034,1.57161,1.57161,DriftGas,StepLimiter,0
126734,5,3,e+,171,-213.146,-85.5132,-3.34034,-213.242,-85.5419,-3.33321,1.57161,1.57161,DriftGas,StepLimiter,0
126734,5,3,e+,172,-213.242,-85.5419,-3.33321,-213.337,-85.5705,-3.32609,1.57161,1.57161,DriftGas,StepLimiter,0
126734,5,3,e+,173,-213.337,-85.5705,-3.32609,-213.433,-85.5992,-3.31896,1.57161,1.57161,DriftGas,StepLimiter,0
126734,5,3,e+,174,-213.433,-85.5992,-3.31896,-213.528,-85.6279,-3.31183,1.57161,1.57161,DriftGas,StepLimiter,0
126734,5,3,e+,175,-213.528,-85.6279,-3.31183,-213.624,-85.6566,-3.3047,1.57161,1.57149,DriftGas,StepLimiter,0.000128546
126734,5,3,e+,176,-213.624,-85.6566,-3.3047,-213.719,-85.6853,-3.29757,1.57149,1.57149,DriftGas,StepLimiter,0
126734,5,3,e+,177,-213.719,-85.6853,-3.29757,-213.815,-85.714,-3.29044,1.57149,1.57149,DriftGas,StepLimiter,0
126734,5,3,e+,178,-213.815,-85.714,-3.29044,-213.867,-85.7297,-3.28653,1.57149,1.57148,DriftGas,msc,9.13884e-06
126734,5,3,e+,179,-213.867,-85.7297,-3.28653,-213.963,-85.7587,-3.27949,1.57148,1.57148,DriftGas,StepLimiter,0
126734,5,3,e+,180,-213.963,-85.7587,-3.27949,-214.058,-85.7876,-3.27244,1.57148,1.57148,DriftGas,StepLimiter,0
126734,5,3,e+,181,-214.058,-85.7876,-3.27244,-214.154,-85.8166,-3.2654,1.57148,1.57148,DriftGas,StepLimiter,0
126734,5,3,e+,182,-214.154,-85.8166,-3.2654,-214.249,-85.8456,-3.25835,1.57148,1.57148,DriftGas,StepLimiter,0
126734,5,3,e+,183,-214.249,-85.8456,-3.25835,-214.345,-85.8746,-3.25131,1.57148,1.57148,DriftGas,StepLimiter,0
126734,5,3,e+,184,-214.345,-85.8746,-3.25131,-214.44,-85.9035,-3.24426,1.57148,1.57148,DriftGas,StepLimiter,0
126734,5,3,e+,185,-214.44,-85.9035,-3.24426,-214.536,-85.9325,-3.23722,1.57148,1.57148,DriftGas,StepLimiter,0
126734,5,3,e+,186,-214.536,-85.9325,-3.23722,-214.631,-85.9615,-3.23017,1.57148,1.57148,DriftGas,StepLimiter,0
126734,5,3,e+,187,-214.631,-85.9615,-3.23017,-214.726,-85.9905,-3.22312,1.57148,1.57148,DriftGas,StepLimiter,0
126734,5,3,e+,188,-214.726,-85.9905,-3.22312,-214.801,-86.013,-3.21765,1.57148,1.57148,DriftGas,msc,0
126734,5,3,e+,189,-214.801,-86.013,-3.21765,-214.896,-86.0416,-3.21043,1.57148,1.57148,DriftGas,StepLimiter,0
126734,5,3,e+,190,-214.896,-86.0416,-3.21043,-214.992,-86.0702,-3.2032,1.57148,1.57148,DriftGas,StepLimiter,0
126734,5,3,e+,191,-214.992,-86.0702,-3.2032,-215.087,-86.0988,-3.19597,1.57148,1.57148,DriftGas,StepLimiter,0
126734,5,3,e+,192,-215.087,-86.0988,-3.19597,-215.183,-86.1274,-3.18875,1.57148,1.57129,DriftGas,StepLimiter,0.0001867
126734,5,3,e+,193,-215.183,-86.1274,-3.18875,-215.278,-86.156,-3.18152,1.57129,1.57129,DriftGas,StepLimiter,0
126734,5,3,e+,194,-215.278,-86.156,-3.18152,-215.374,-86.1846,-3.17429,1.57129,1.57129,DriftGas,StepLimiter,0
126734,5,3,e+,195,-215.374,-86.1846,-3.17429,-215.404,-86.1935,-3.17205,1.57129,1.57128,DriftGas,msc,5.17668e-06
126734,5,3,e+,196,-215.404,-86.1935,-3.17205,-215.465,-86.2122,-3.16752,1.57128,1.57128,DriftGas,msc,0
126734,5,3,e+,197,-215.465,-86.2122,-3.16752,-215.561,-86.2412,-3.16058,1.57128,1.57128,DriftGas,StepLimiter,0
126734,5,3,e+,198,-215.561,-86.2412,-3.16058,-215.656,-86.2701,-3.15364,1.57128,1.57128,DriftGas,StepLimiter,0
126734,5,3,e+,199,-215.656,-86.2701,-3.15364,-215.752,-86.299,-3.1467,1.57128,1.57128,DriftGas,StepLimiter,0
126734,5,3,e+,200,-215.752,-86.299,-3.1467,-215.847,-86.3279,-3.13977,1.57128,1.57128,DriftGas,StepLimiter,0
126734,5,3,e+,201,-215.847,-86.3279,-3.13977,-215.943,-86.3568,-3.13283,1.57128,1.57128,DriftGas,StepLimiter,0
126734,5,3,e+,202,-215.943,-86.3568,-3.13283,-216.038,-86.3857,-3.12589,1.57128,1.57128,DriftGas,StepLimiter,0
126734,5,3,e+,203,-216.038,-86.3857,-3.12589,-216.134,-86.4146,-3.11895,1.57128,1.57128,DriftGas,StepLimiter,0
126734,5,3,e+,204,-216.134,-86.4146,-3.11895,-216.229,-86.4435,-3.11201,1.57128,1.57128,DriftGas,StepLimiter,0
126734,5,3,e+,205,-216.229,-86.4435,-3.11201,-216.324,-86.4724,-3.10507,1.57128,1.57128,DriftGas,StepLimiter,0
126734,5,3,e+,206,-216.324,-86.4724,-3.10507,-216.42,-86.5013,-3.09813,1.57128,1.57128,DriftGas,StepLimiter,0
126734,5,3,e+,207,-216.42,-86.5013,-3.09813,-216.515,-86.5303,-3.09119,1.57128,1.57127,DriftGas,StepLimiter,1.66896e-05
126734,5,3,e+,208,-216.515,-86.5303,-3.09119,-216.611,-86.5592,-3.08425,1.57127,1.57127,DriftGas,StepLimiter,0
126734,5,3,e+,209,-216.611,-86.5592,-3.08425,-216.706,-86.5881,-3.07731,1.57127,1.57127,DriftGas,StepLimiter,0
126734,5,3,e+,210,-216.706,-86.5881,-3.07731,-216.802,-86.617,-3.07037,1.57127,1.57127,DriftGas,StepLimiter,0
126734,5,3,e+,211,-216.802,-86.617,-3.07037,-216.819,-86.6221,-3.06914,1.57127,1.57126,DriftGas,msc,2.94853e-06
126734,5,3,e+,212,-216.819,-86.6221,-3.06914,-216.914,-86.6513,-3.06214,1.57126,1.5711,DriftGas,StepLimiter,0.000166191
126734,5,3,e+,213,-216.914,-86.6513,-3.06214,-216.998,-86.6768,-3.056,1.5711,1.5711,DriftGas,msc,0
126734,5,3,e+,214,-216.998,-86.6768,-3.056,-217.093,-86.7059,-3.04861,1.5711,1.57098,DriftGas,StepLimiter,0.000116967
126734,5,3,e+,215,-217.093,-86.7059,-3.04861,-217.097,-86.7071,-3.04829,1.57098,1.57098,DriftGas,msc,7.29724e-07
126734,5,3,e+,216,-217.097,-86.7071,-3.04829,-217.193,-86.7369,-3.04143,1.57098,1.57098,DriftGas,StepLimiter,0
126734,5,3,e+,217,-217.193,-86.7369,-3.04143,-217.288,-86.7667,-3.03456,1.57098,1.57098,DriftGas,StepLimiter,0
126734,5,3,e+,218,-217.288,-86.7667,-3.03456,-217.383,-86.7965,-3.0277,1.57098,1.57098,DriftGas,StepLimiter,0
126734,5,3,e+,219,-217.383,-86.7965,-3.0277,-217.478,-86.8262,-3.02083,1.57098,1.57096,DriftGas,StepLimiter,2.35415e-05
126734,5,3,e+,220,-217.478,-86.8262,-3.02083,-217.573,-86.856,-3.01397,1.57096,1.57096,DriftGas,StepLimiter,0
126734,5,3,e+,221,-217.573,-86.856,-3.01397,-217.669,-86.8858,-3.0071,1.57096,1.57096,DriftGas,StepLimiter,0
126734,5,3,e+,222,-217.669,-86.8858,-3.0071,-217.764,-86.9155,-3.00024,1.57096,1.57096,DriftGas,StepLimiter,0
126734,5,3,e+,223,-217.764,-86.9155,-3.00024,-217.859,-86.9453,-2.99338,1.57096,1.57096,DriftGas,StepLimiter,0
126734,5,3,e+,224,-217.859,-86.9453,-2.99338,-217.954,-86.9751,-2.98651,1.57096,1.57096,DriftGas,StepLimiter,0
126734,5,3,e+,225,-217.954,-86.9751,-2.98651,-218.05,-87.0049,-2.97965,1.57096,1.57096,DriftGas,StepLimiter,0
126734,5,3,e+,226,-218.05,-87.0049,-2.97965,-218.145,-87.0346,-2.97278,1.57096,1.57096,DriftGas,StepLimiter,0
126734,5,3,e+,227,-218.145,-87.0346,-2.97278,-218.24,-87.0644,-2.96592,1.57096,1.57096,DriftGas,StepLimiter,0
126734,5,3,e+,228,-218.24,-87.0644,-2.96592,-218.335,-87.0942,-2.95905,1.57096,1.57096,DriftGas,StepLimiter,0
126734,5,3,e+,229,-218.335,-87.0942,-2.95905,-218.43,-87.1239,-2.95219,1.57096,1.57095,DriftGas,StepLimiter,3.34303e-06
126734,5,3,e+,230,-218.43,-87.1239,-2.95219,-218.486,-87.1414,-2.94817,1.57095,1.57094,DriftGas,msc,9.75775e-06
126734,5,3,e+,231,-218.486,-87.1414,-2.94817,-218.582,-87.1704,-2.94123,1.57094,1.57094,DriftGas,StepLimiter,0
126734,5,3,e+,232,-218.582,-87.1704,-2.94123,-218.677,-87.1994,-2.93429,1.57094,1.57094,DriftGas,StepLimiter,0
126734,5,3,e+,233,-218.677,-87.1994,-2.93429,-218.773,-87.2284,-2.92735,1.57094,1.57094,DriftGas,StepLimiter,0
126734,5,3,e+,234,-218.773,-87.2284,-2.92735,-218.868,-87.2575,-2.92041,1.57094,1.57094,DriftGas,StepLimiter,0
126734,5,3,e+,235,-218.868,-87.2575,-2.92041,-218.963,-87.2865,-2.91347,1.57094,1.57094,DriftGas,StepLimiter,0
126734,5,3,e+,236,-218.963,-87.2865,-2.91347,-219.059,-87.3155,-2.90653,1.57094,1.57094,DriftGas,StepLimiter,0
126734,5,3,e+,237,-219.059,-87.3155,-2.90653,-219.154,-87.3445,-2.89959,1.57094,1.57062,DriftGas,StepLimiter,0.000328676
126734,5,3,e+,238,-219.154,-87.3445,-2.89959,-219.25,-87.3735,-2.89265,1.57062,1.57062,DriftGas,StepLimiter,0
126734,5,3,e+,239,-219.25,-87.3735,-2.89265,-219.345,-87.4026,-2.88571,1.57062,1.57062,DriftGas,StepLimiter,0
126734,5,3,e+,240,-219.345,-87.4026,-2.88571,-219.406,-87.4211,-2.88128,1.57062,1.57062,DriftGas,msc,0
126734,5,3,e+,241,-219.406,-87.4211,-2.88128,-219.501,-87.4503,-2.87408,1.57062,1.57062,DriftGas,StepLimiter,0
126734,5,3,e+,242,-219.501,-87.4503,-2.87408,-219.597,-87.4796,-2.86688,1.57062,1.57062,DriftGas,StepLimiter,0
126734,5,3,e+,243,-219.597,-87.4796,-2.86688,-219.692,-87.5088,-2.85968,1.57062,1.57062,DriftGas,StepLimiter,0
126734,5,3,e+,244,-219.692,-87.5088,-2.85968,-219.788,-87.538,-2.85247,1.57062,1.57062,DriftGas,StepLimiter,0
126734,5,3,e+,245,-219.788,-87.538,-2.85247,-219.883,-87.5673,-2.84527,1.57062,1.5706,DriftGas,StepLimiter,2.05157e-05
126734,5,3,e+,246,-219.883,-87.5673,-2.84527,-219.978,-87.5965,-2.83807,1.5706,1.5706,DriftGas,StepLimiter,0
126734,5,3,e+,247,-219.978,-87.5965,-2.83807,-220.074,-87.6257,-2.83087,1.5706,1.5706,DriftGas,StepLimiter,0
126734,5,3,e+,248,-220.074,-87.6257,-2.83087,-220.076,-87.6266,-2.83066,1.5706,1.57059,DriftGas,msc,4.7508e-07
126734,5,3,e+,249,-220.076,-87.6266,-2.83066,-220.172,-87.6558,-2.82374,1.57059,1.57057,DriftGas,StepLimiter,2.79053e-05
126734,5,3,e+,250,-220.172,-87.6558,-2.82374,-220.223,-87.6715,-2.82,1.57057,1.57056,DriftGas,msc,8.99667e-06
126734,5,3,e+,251,-220.223,-87.6715,-2.82,-220.319,-87.7004,-2.81297,1.57056,1.57056,DriftGas,StepLimiter,0
126734,5,3,e+,252,-220.319,-87.7004,-2.81297,-220.414,-87.7292,-2.80593,1.57056,1.57056,DriftGas,StepLimiter,0
126734,5,3,e+,253,-220.414,-87.7292,-2.80593,-220.51,-87.758,-2.7989,1.57056,1.57056,DriftGas,StepLimiter,0
126734,5,3,e+,254,-220.51,-87.758,-2.7989,-220.605,-87.7869,-2.79186,1.57056,1.57054,DriftGas,StepLimiter,1.94578e-05
126734,5,3,e+,255,-220.605,-87.7869,-2.79186,-220.701,-87.8157,-2.78483,1.57054,1.57054,DriftGas,StepLimiter,0
126734,5,3,e+,256,-220.701,-87.8157,-2.78483,-220.796,-87.8446,-2.77779,1.57054,1.57054,DriftGas,StepLimiter,0
126734,5,3,e+,257,-220.796,-87.8446,-2.77779,-220.826,-87.8535,-2.77561,1.57054,1.57053,DriftGas,msc,5.1677e-06
126734,5,3,e+,258,-220.826,-87.8535,-2.77561,-220.921,-87.8827,-2.76791,1.57053,1.57053,DriftGas,StepLimiter,0
126734,5,3,e+,259,-220.921,-87.8827,-2.76791,-221.016,-87.9119,-2.76021,1.57053,1.57053,DriftGas,StepLimiter,0
126734,5,3,e+,260,-221.016,-87.9119,-2.76021,-221.112,-87.9411,-2.75251,1.57053,1.57053,DriftGas,StepLimiter,0
126734,5,3,e+,261,-221.112,-87.9411,-2.75251,-221.207,-87.9704,-2.74481,1.57053,1.57053,DriftGas,StepLimiter,0
126734,5,3,e+,262,-221.207,-87.9704,-2.74481,-221.228,-87.9768,-2.7431,1.57053,1.57053,DriftGas,msc,3.68731e-06
126734,5,3,e+,263,-221.228,-87.9768,-2.7431,-221.324,-88.0057,-2.73569,1.57053,1.57024,DriftGas,StepLimiter,0.000292625
126734,5,3,e+,264,-221.324,-88.0057,-2.73569,-221.419,-88.0347,-2.72827,1.57024,1.57024,DriftGas,StepLimiter,0
126734,5,3,e+,265,-221.419,-88.0347,-2.72827,-221.515,-88.0636,-2.72086,1.57024,1.5702,DriftGas,StepLimiter,3.31017e-05
126734,5,3,e+,266,-221.515,-88.0636,-2.72086,-221.61,-88.0925,-2.71344,1.5702,1.5702,DriftGas,StepLimiter,0
126734,5,3,e+,267,-221.61,-88.0925,-2.71344,-221.705,-88.1214,-2.70603,1.5702,1.5702,DriftGas,StepLimiter,0
126734,5,3,e+,268,-221.705,-88.1214,-2.70603,-221.744,-88.133,-2.70305,1.5702,1.5702,DriftGas,msc,6.69187e-06
126734,5,3,e+,269,-221.744,-88.133,-2.70305,-221.839,-88.163,-2.69582,1.5702,1.5702,DriftGas,StepLimiter,0
126734,5,3,e+,270,-221.839,-88.163,-2.69582,-221.934,-88.1929,-2.68859,1.5702,1.5702,DriftGas,StepLimiter,0
126734,5,3,e+,271,-221.934,-88.1929,-2.68859,-222.029,-88.2228,-2.68136,1.5702,1.5702,DriftGas,StepLimiter,0
126734,5,3,e+,272,-222.029,-88.2228,-2.68136,-222.124,-88.2528,-2.67412,1.5702,1.57016,DriftGas,StepLimiter,4.05828e-05
126734,5,3,e+,273,-222.124,-88.2528,-2.67412,-222.219,-88.2827,-2.66689,1.57016,1.57016,DriftGas,StepLimiter,0
126734,5,3,e+,274,-222.219,-88.2827,-2.66689,-222.315,-88.3127,-2.65966,1.57016,1.57016,DriftGas,StepLimiter,0
126734,5,3,e+,275,-222.315,-88.3127,-2.65966,-222.41,-88.3426,-2.65243,1.57016,1.57016,DriftGas,StepLimiter,0
126734,5,3,e+,276,-222.41,-88.3426,-2.65243,-222.505,-88.3725,-2.6452,1.57016,1.57016,DriftGas,StepLimiter,0
126734,5,3,e+,277,-222.505,-88.3725,-2.6452,-222.6,-88.4025,-2.63797,1.57016,1.57016,DriftGas,StepLimiter,0
126734,5,3,e+,278,-222.6,-88.4025,-2.63797,-222.695,-88.4324,-2.63073,1.57016,1.56992,DriftGas,StepLimiter,0.000234103
126734,5,3,e+,279,-222.695,-88.4324,-2.63073,-222.79,-88.4624,-2.6235,1.56992,1.56977,DriftGas,StepLimiter,0.000148482
126734,5,3,e+,280,-222.79,-88.4624,-2.6235,-222.885,-88.4923,-2.61627,1.56977,1.56977,DriftGas,StepLimiter,0
126734,5,3,e+,281,-222.885,-88.4923,-2.61627,-222.955,-88.5142,-2.61097,1.56977,1.56977,DriftGas,msc,0
126734,5,3,e+,282,-222.955,-88.5142,-2.61097,-223.05,-88.5439,-2.60416,1.56977,1.56977,DriftGas,StepLimiter,0
126734,5,3,e+,283,-223.05,-88.5439,-2.60416,-223.146,-88.5736,-2.59734,1.56977,1.56977,DriftGas,StepLimiter,0
126734,5,3,e+,284,-223.146,-88.5736,-2.59734,-223.162,-88.5786,-2.59619,1.56977,1.56977,DriftGas,msc,2.8086e-06
126734,5,3,e+,285,-223.162,-88.5786,-2.59619,-223.257,-88.6085,-2.58875,1.56977,1.56975,DriftGas,StepLimiter,2.12005e-05
126734,5,3,e+,286,-223.257,-88.6085,-2.58875,-223.352,-88.6384,-2.58131,1.56975,1.56975,DriftGas,StepLimiter,0
126734,5,3,e+,287,-223.352,-88.6384,-2.58131,-223.447,-88.6683,-2.57386,1.56975,1.56975,DriftGas,StepLimiter,0
126734,5,3,e+,288,-223.447,-88.6683,-2.57386,-223.542,-88.6982,-2.56642,1.56975,1.56975,DriftGas,StepLimiter,0
126734,5,3,e+,289,-223.542,-88.6982,-2.56642,-223.586,-88.7119,-2.56299,1.56975,1.56974,DriftGas,msc,7.66909e-06
126734,5,3,e+,290,-223.586,-88.7119,-2.56299,-223.681,-88.7415,-2.55493,1.56974,1.56974,DriftGas,StepLimiter,0
126734,5,3,e+,291,-223.681,-88.7415,-2.55493,-223.776,-88.771,-2.54686,1.56974,1.56974,DriftGas,StepLimiter,0
126734,5,3,e+,292,-223.776,-88.771,-2.54686,-223.872,-88.8006,-2.5388,1.56974,1.56974,DriftGas,StepLimiter,0
126734,5,3,e+,293,-223.872,-88.8006,-2.5388,-223.967,-88.8302,-2.53073,1.56974,1.56971,DriftGas,StepLimiter,3.6404e-05
126734,5,3,e+,294,-223.967,-88.8302,-2.53073,-224.062,-88.8597,-2.52267,1.56971,1.56971,DriftGas,StepLimiter,0
126734,5,3,e+,295,-224.062,-88.8597,-2.52267,-224.157,-88.8893,-2.5146,1.56971,1.56968,DriftGas,StepLimiter,2.46931e-05
126734,5,3,e+,296,-224.157,-88.8893,-2.5146,-224.252,-88.9188,-2.50654,1.56968,1.56968,DriftGas,StepLimiter,0
126734,5,3,e+,297,-224.252,-88.9188,-2.50654,-224.347,-88.9484,-2.49847,1.56968,1.56968,DriftGas,StepLimiter,0
126734,5,3,e+,298,-224.347,-88.9484,-2.49847,-224.443,-88.978,-2.49041,1.56968,1.56968,DriftGas,StepLimiter,0
126734,5,3,e+,299,-224.443,-88.978,-2.49041,-224.486,-88.9915,-2.48671,1.56968,1.56967,DriftGas,msc,7.64348e-06
126734,5,3,e+,300,-224.486,-88.9915,-2.48671,-224.582,-89.0211,-2.47847,1.56967,1.5696,DriftGas,StepLimiter,7.1643e-05
126734,5,3,e+,301,-224.582,-89.0211,-2.47847,-224.677,-89.0506,-2.47024,1.5696,1.5696,DriftGas,StepLimiter,0
126734,5,3,e+,302,-224.677,-89.0506,-2.47024,-224.772,-89.0801,-2.46201,1.5696,1.5696,DriftGas,StepLimiter,0
126734,5,3,e+,303,-224.772,-89.0801,-2.46201,-224.867,-89.1097,-2.45377,1.5696,1.5696,DriftGas,StepLimiter,0
126734,5,3,e+,304,-224.867,-89.1097,-2.45377,-224.962,-89.1392,-2.44554,1.5696,1.5696,DriftGas,StepLimiter,0
126734,5,3,e+,305,-224.962,-89.1392,-2.44554,-225.017,-89.156,-2.44085,1.5696,1.56959,DriftGas,msc,9.50253e-06
126734,5,3,e+,306,-225.017,-89.156,-2.44085,-225.112,-89.1859,-2.43215,1.56959,1.56959,DriftGas,StepLimiter,0
126734,5,3,e+,307,-225.112,-89.1859,-2.43215,-225.207,-89.2158,-2.42346,1.56959,1.56959,DriftGas,StepLimiter,0
126734,5,3,e+,308,-225.207,-89.2158,-2.42346,-225.302,-89.2457,-2.41477,1.56959,1.56959,DriftGas,StepLimiter,0
126734,5,3,e+,309,-225.302,-89.2457,-2.41477,-225.397,-89.2755,-2.40608,1.56959,1.56959,DriftGas,StepLimiter,0
126734,5,3,e+,310,-225.397,-89.2755,-2.40608,-225.492,-89.3054,-2.39738,1.56959,1.56959,DriftGas,StepLimiter,0
126734,5,3,e+,311,-225.492,-89.3054,-2.39738,-225.587,-89.3353,-2.38869,1.56959,1.56959,DriftGas,StepLimiter,0
126734,5,3,e+,312,-225.587,-89.3353,-2.38869,-225.682,-89.3652,-2.38,1.56959,1.56959,DriftGas,StepLimiter,0
126734,5,3,e+,313,-225.682,-89.3652,-2.38,-225.777,-89.395,-2.3713,1.56959,1.56955,DriftGas,StepLimiter,4.14669e-05
126734,5,3,e+,314,-225.777,-89.395,-2.3713,-225.872,-89.4249,-2.36261,1.56955,1.56955,DriftGas,StepLimiter,0
126734,5,3,e+,315,-225.872,-89.4249,-2.36261,-225.967,-89.4548,-2.35392,1.56955,1.56955,DriftGas,StepLimiter,0
126734,5,3,e+,316,-225.967,-89.4548,-2.35392,-226.062,-89.4847,-2.34523,1.56955,1.56955,DriftGas,StepLimiter,0
126734,5,3,e+,317,-226.062,-89.4847,-2.34523,-226.157,-89.5145,-2.33653,1.56955,1.56955,DriftGas,StepLimiter,0
126734,5,3,e+,318,-226.157,-89.5145,-2.33653,-226.218,-89.5338,-2.33092,1.56955,1.56955,DriftGas,msc,0
126734,5,3,e+,319,-226.218,-89.5338,-2.33092,-226.313,-89.5636,-2.32169,1.56955,1.56955,DriftGas,StepLimiter,0
126734,5,3,e+,320,-226.313,-89.5636,-2.32169,-226.408,-89.5934,-2.31247,1.56955,1.56955,DriftGas,StepLimiter,0
126734,5,3,e+,321,-226.408,-89.5934,-2.31247,-226.437,-89.6024,-2.30969,1.56955,1.56955,DriftGas,msc,5.02165e-06
126734,5,3,e+,322,-226.437,-89.6024,-2.30969,-226.458,-89.6089,-2.30773,1.56955,1.56954,DriftGas,msc,3.61786e-06
126734,5,3,e+,323,-226.458,-89.6089,-2.30773,-226.553,-89.6385,-2.29811,1.56954,1.56954,DriftGas,StepLimiter,0
126734,5,3,e+,324,-226.553,-89.6385,-2.29811,-226.648,-89.6681,-2.2885,1.56954,1.56954,DriftGas,StepLimiter,0
126734,5,3,e+,325,-226.648,-89.6681,-2.2885,-226.743,-89.6977,-2.27888,1.56954,1.56951,DriftGas,StepLimiter,3.50051e-05
126734,5,3,e+,326,-226.743,-89.6977,-2.27888,-226.838,-89.7273,-2.26927,1.56951,1.56951,DriftGas,StepLimiter,0
126734,5,3,e+,327,-226.838,-89.7273,-2.26927,-226.933,-89.7569,-2.25965,1.56951,1.56949,DriftGas,StepLimiter,1.80744e-05
126734,5,3,e+,328,-226.933,-89.7569,-2.25965,-227.028,-89.7865,-2.25004,1.56949,1.56949,DriftGas,StepLimiter,0
126734,5,3,e+,329,-227.028,-89.7865,-2.25004,-227.123,-89.8161,-2.24042,1.56949,1.56949,DriftGas,StepLimiter,0
126734,5,3,e+,330,-227.123,-89.8161,-2.24042,-227.218,-89.8457,-2.23081,1.56949,1.56949,DriftGas,StepLimiter,0
126734,5,3,e+,331,-227.218,-89.8457,-2.23081,-227.313,-89.8753,-2.22119,1.56949,1.56949,DriftGas,StepLimiter,0
126734,5,3,e+,332,-227.313,-89.8753,-2.22119,-227.408,-89.9049,-2.21158,1.56949,1.56949,DriftGas,StepLimiter,0
126734,5,3,e+,333,-227.408,-89.9049,-2.21158,-227.503,-89.9344,-2.20196,1.56949,1.56949,DriftGas,StepLimiter,0
126734,5,3,e+,334,-227.503,-89.9344,-2.20196,-227.598,-89.964,-2.19235,1.56949,1.56949,DriftGas,StepLimiter,0
126734,5,3,e+,335,-227.598,-89.964,-2.19235,-227.693,-89.9936,-2.18273,1.56949,1.56892,DriftGas,StepLimiter,0.00057049
126734,5,3,e+,336,-227.693,-89.9936,-2.18273,-227.761,-90.0148,-2.17585,1.56892,1.56892,DriftGas,msc,0
126734,5,3,e+,337,-227.761,-90.0148,-2.17585,-227.856,-90.0448,-2.16617,1.56892,1.56887,DriftGas,StepLimiter,5.07511e-05
126734,5,3,e+,338,-227.856,-90.0448,-2.16617,-227.951,-90.0748,-2.15649,1.56887,1.56887,DriftGas,StepLimiter,0
126734,5,3,e+,339,-227.951,-90.0748,-2.15649,-228.046,-90.1048,-2.14681,1.56887,1.56887,DriftGas,StepLimiter,0
126734,5,3,e+,340,-228.046,-90.1048,-2.14681,-228.141,-90.1348,-2.13714,1.56887,1.56887,DriftGas,StepLimiter,0
126734,5,3,e+,341,-228.141,-90.1348,-2.13714,-228.157,-90.1399,-2.1355,1.56887,1.56887,DriftGas,msc,2.82194e-06
126734,5,3,e+,342,-228.157,-90.1399,-2.1355,-228.252,-90.1692,-2.12629,1.56887,1.56887,DriftGas,StepLimiter,0
126734,5,3,e+,343,-228.252,-90.1692,-2.12629,-228.347,-90.1986,-2.11708,1.56887,1.56887,DriftGas,StepLimiter,0
126734,5,3,e+,344,-228.347,-90.1986,-2.11708,-228.442,-90.2279,-2.10787,1.56887,1.56887,DriftGas,StepLimiter,0
126734,5,3,e+,345,-228.442,-90.2279,-2.10787,-228.537,-90.2572,-2.09866,1.56887,1.56887,DriftGas,StepLimiter,0
126734,5,3,e+,346,-228.537,-90.2572,-2.09866,-228.633,-90.2866,-2.08945,1.56887,1.56887,DriftGas,StepLimiter,0
126734,5,3,e+,347,-228.633,-90.2866,-2.08945,-228.643,-90.2897,-2.08847,1.56887,1.56886,DriftGas,msc,1.77869e-06
126734,5,3,e+,348,-228.643,-90.2897,-2.08847,-228.739,-90.3146,-2.07733,1.56886,1.56886,DriftGas,StepLimiter,0
126734,5,3,e+,349,-228.739,-90.3146,-2.07733,-228.835,-90.3396,-2.0662,1.56886,1.56886,DriftGas,StepLimiter,0
126734,5,3,e+,350,-228.835,-90.3396,-2.0662,-228.931,-90.3645,-2.05506,1.56886,1.56886,DriftGas,StepLimiter,0
126734,5,3,e+,351,-228.931,-90.3645,-2.05506,-229.028,-90.3895,-2.04393,1.56886,1.56886,DriftGas,StepLimiter,0
126734,5,3,e+,352,-229.028,-90.3895,-2.04393,-229.124,-90.4144,-2.03279,1.56886,1.56886,DriftGas,StepLimiter,0
126734,5,3,e+,353,-229.124,-90.4144,-2.03279,-229.22,-90.4394,-2.02165,1.56886,1.56886,DriftGas,StepLimiter,0
126734,5,3,e+,354,-229.22,-90.4394,-2.02165,-229.316,-90.4643,-2.01052,1.56886,1.56876,DriftGas,StepLimiter,0.000101467
126734,5,3,e+,355,-229.316,-90.4643,-2.01052,-229.412,-90.4893,-1.99938,1.56876,1.56876,DriftGas,StepLimiter,0
126734,5,3,e+,356,-229.412,-90.4893,-1.99938,-229.509,-90.5142,-1.98825,1.56876,1.56876,DriftGas,StepLimiter,0
126734,5,3,e+,357,-229.509,-90.5142,-1.98825,-229.605,-90.5392,-1.97711,1.56876,1.56876,DriftGas,StepLimiter,0
126734,5,3,e+,358,-229.605,-90.5392,-1.97711,-229.665,-90.5547,-1.97019,1.56876,1.56876,DriftGas,msc,0
126734,5,3,e+,359,-229.665,-90.5547,-1.97019,-229.761,-90.5792,-1.95927,1.56876,1.56876,DriftGas,StepLimiter,0
126734,5,3,e+,360,-229.761,-90.5792,-1.95927,-229.857,-90.6036,-1.94834,1.56876,1.56876,DriftGas,StepLimiter,0
126734,5,3,e+,361,-229.857,-90.6036,-1.94834,-229.954,-90.6281,-1.93741,1.56876,1.56876,DriftGas,StepLimiter,0
126734,5,3,e+,362,-229.954,-90.6281,-1.93741,-230.05,-90.6525,-1.92648,1.56876,1.56876,DriftGas,StepLimiter,0
126734,5,3,e+,363,-230.05,-90.6525,-1.92648,-230.146,-90.677,-1.91556,1.56876,1.56876,DriftGas,StepLimiter,0
126734,5,3,e+,364,-230.146,-90.677,-1.91556,-230.243,-90.7015,-1.90463,1.56876,1.56876,DriftGas,StepLimiter,0
126734,5,3,e+,365,-230.243,-90.7015,-1.90463,-230.326,-90.7227,-1.89515,1.56876,1.56876,DriftGas,msc,0
126734,5,3,e+,366,-230.326,-90.7227,-1.89515,-230.33,-90.7236,-1.89475,1.56876,1.56876,DriftGas,msc,6.16681e-07
126734,5,3,e+,367,-230.33,-90.7236,-1.89475,-230.426,-90.747,-1.88486,1.56876,1.56876,DriftGas,StepLimiter,0
126734,5,3,e+,368,-230.426,-90.747,-1.88486,-230.523,-90.7704,-1.87497,1.56876,1.56876,DriftGas,StepLimiter,0
126734,5,3,e+,369,-230.523,-90.7704,-1.87497,-230.62,-90.7939,-1.86508,1.56876,1.56876,DriftGas,StepLimiter,0
126734,5,3,e+,370,-230.62,-90.7939,-1.86508,-230.717,-90.8173,-1.85519,1.56876,1.56876,DriftGas,StepLimiter,0
126734,5,3,e+,371,-230.717,-90.8173,-1.85519,-230.813,-90.8407,-1.84529,1.56876,1.56876,DriftGas,StepLimiter,0
126734,5,3,e+,372,-230.813,-90.8407,-1.84529,-230.91,-90.8642,-1.8354,1.56876,1.56867,DriftGas,StepLimiter,9.01405e-05
126734,5,3,e+,373,-230.91,-90.8642,-1.8354,-231.007,-90.8876,-1.82551,1.56867,1.56867,DriftGas,StepLimiter,0
126734,5,3,e+,374,-231.007,-90.8876,-1.82551,-231.103,-90.911,-1.81562,1.56867,1.56867,DriftGas,StepLimiter,0
126734,5,3,e+,375,-231.103,-90.911,-1.81562,-231.2,-90.9345,-1.80573,1.56867,1.56867,DriftGas,StepLimiter,0
126734,5,3,e+,376,-231.2,-90.9345,-1.80573,-231.297,-90.9579,-1.79584,1.56867,1.56867,DriftGas,StepLimiter,0
126734,5,3,e+,377,-231.297,-90.9579,-1.79584,-231.394,-90.9813,-1.78595,1.56867,1.56867,DriftGas,StepLimiter,0
126734,5,3,e+,378,-231.394,-90.9813,-1.78595,-231.49,-91.0048,-1.77606,1.56867,1.56867,DriftGas,StepLimiter,0
126734,5,3,e+,379,-231.49,-91.0048,-1.77606,-231.587,-91.0282,-1.76616,1.56867,1.56867,DriftGas,StepLimiter,0
126734,5,3,e+,380,-231.587,-91.0282,-1.76616,-231.684,-91.0516,-1.75627,1.56867,1.56867,DriftGas,StepLimiter,0
126734,5,3,e+,381,-231.684,-91.0516,-1.75627,-231.78,-91.0751,-1.74638,1.56867,1.56867,DriftGas,StepLimiter,0
126734,5,3,e+,382,-231.78,-91.0751,-1.74638,-231.877,-91.0985,-1.73649,1.56867,1.56867,DriftGas,StepLimiter,0
126734,5,3,e+,383,-231.877,-91.0985,-1.73649,-231.974,-91.1219,-1.7266,1.56867,1.56867,DriftGas,StepLimiter,0
126734,5,3,e+,384,-231.974,-91.1219,-1.7266,-232.071,-91.1454,-1.71671,1.56867,1.56867,DriftGas,StepLimiter,0
126734,5,3,e+,385,-232.071,-91.1454,-1.71671,-232.167,-91.1688,-1.70682,1.56867,1.56867,DriftGas,StepLimiter,0
126734,5,3,e+,386,-232.167,-91.1688,-1.70682,-232.264,-91.1922,-1.69693,1.56867,1.56867,DriftGas,StepLimiter,0
126734,5,3,e+,387,-232.264,-91.1922,-1.69693,-232.27,-91.1936,-1.69636,1.56867,1.56867,DriftGas,msc,9.58249e-07
126734,5,3,e+,388,-232.27,-91.1936,-1.69636,-232.366,-91.2178,-1.68598,1.56867,1.56867,DriftGas,StepLimiter,0
126734,5,3,e+,389,-232.366,-91.2178,-1.68598,-232.378,-91.2209,-1.68466,1.56867,1.56867,DriftGas,msc,2.11309e-06
126734,5,3,e+,390,-232.378,-91.2209,-1.68466,-232.475,-91.2453,-1.67397,1.56867,1.56867,DriftGas,StepLimiter,0
126734,5,3,e+,391,-232.475,-91.2453,-1.67397,-232.571,-91.2697,-1.66329,1.56867,1.56854,DriftGas,StepLimiter,0.000123604
126734,5,3,e+,392,-232.571,-91.2697,-1.66329,-232.667,-91.2941,-1.6526,1.56854,1.56851,DriftGas,StepLimiter,3.82288e-05
126734,5,3,e+,393,-232.667,-91.2941,-1.6526,-232.764,-91.3185,-1.64191,1.56851,1.56851,DriftGas,StepLimiter,0
126734,5,3,e+,394,-232.764,-91.3185,-1.64191,-232.857,-91.3421,-1.63157,1.56851,1.56851,DriftGas,msc,0
126734,5,3,e+,395,-232.857,-91.3421,-1.63157,-232.954,-91.3662,-1.62125,1.56851,1.56851,DriftGas,StepLimiter,0
126734,5,3,e+,396,-232.954,-91.3662,-1.62125,-233.05,-91.3903,-1.61094,1.56851,1.56851,DriftGas,StepLimiter,0
126734,5,3,e+,397,-233.05,-91.3903,-1.61094,-233.147,-91.4144,-1.60063,1.56851,1.56851,DriftGas,StepLimiter,0
126734,5,3,e+,398,-233.147,-91.4144,-1.60063,-233.243,-91.4384,-1.59031,1.56851,1.56851,DriftGas,StepLimiter,0
126734,5,3,e+,399,-233.243,-91.4384,-1.59031,-233.34,-91.4625,-1.58,1.56851,1.56847,DriftGas,StepLimiter,3.21208e-05
126734,5,3,e+,400,-233.34,-91.4625,-1.58,-233.436,-91.4866,-1.56968,1.56847,1.56847,DriftGas,StepLimiter,0
126734,5,3,e+,401,-233.436,-91.4866,-1.56968,-233.533,-91.5107,-1.55937,1.56847,1.56847,DriftGas,StepLimiter,0
126734,5,3,e+,402,-233.533,-91.5107,-1.55937,-233.629,-91.5347,-1.54905,1.56847,1.56847,DriftGas,StepLimiter,0
126734,5,3,e+,403,-233.629,-91.5347,-1.54905,-233.726,-91.5588,-1.53874,1.56847,1.56847,DriftGas,StepLimiter,0
126734,5,3,e+,404,-233.726,-91.5588,-1.53874,-233.822,-91.5829,-1.52843,1.56847,1.56844,DriftGas,StepLimiter,3.44758e-05
126734,5,3,e+,405,-233.822,-91.5829,-1.52843,-233.919,-91.607,-1.51811,1.56844,1.56844,DriftGas,StepLimiter,0
126734,5,3,e+,406,-233.919,-91.607,-1.51811,-234.015,-91.631,-1.5078,1.56844,1.56844,DriftGas,StepLimiter,0
126734,5,3,e+,407,-234.015,-91.631,-1.5078,-234.099,-91.652,-1.49883,1.56844,1.56844,DriftGas,Transportation,0
126734,5,3,e+,408,-234.099,-91.652,-1.49883,-234.099,-91.652,-1.49881,1.56844,1.56835,Micromesh,msc,9.18043e-05
126734,5,3,e+,409,-234.099,-91.652,-1.49881,-234.1,-91.6521,-1.49878,1.56835,1.568,Micromesh,msc,0.00035155
126734,5,3,e+,410,-234.1,-91.6521,-1.49878,-234.1,-91.6522,-1.49872,1.568,1.56704,Micromesh,msc,0.000953528
126734,5,3,e+,411,-234.1,-91.6522,-1.49872,-234.101,-91.6524,-1.49863,1.56704,1.56637,Micromesh,msc,0.000673873
126734,5,3,e+,412,-234.101,-91.6524,-1.49863,-234.102,-91.6528,-1.49843,1.56637,1.56562,Micromesh,msc,0.000750733
126734,5,3,e+,413,-234.102,-91.6528,-1.49843,-234.106,-91.6535,-1.49801,1.56562,1.56486,Micromesh,msc,0.000761952
126734,5,3,e+,414,-234.106,-91.6535,-1.49801,-234.112,-91.6552,-1.49708,1.56486,1.55954,Micromesh,msc,0.00531607
126734,5,3,e+,415,-234.112,-91.6552,-1.49708,-234.124,-91.6562,-1.4949,1.55954,1.54998,Micromesh,msc,0.00956337
126734,5,3,e+,416,-234.124,-91.6562,-1.4949,-234.129,-91.656,-1.49372,1.54998,1.54751,Micromesh,msc,0.00246856
126734,5,3,e+,417,-234.129,-91.656,-1.49372,-234.129,-91.6559,-1.49369,1.54751,1.54751,Micromesh,msc,0
126734,5,3,e+,418,-234.129,-91.6559,-1.49369,-234.129,-91.6559,-1.49367,1.54751,1.54737,Micromesh,Transportation,0.000136741
126734,5,3,e+,419,-234.129,-91.6559,-1.49367,-234.177,-91.655,-1.47855,1.54737,1.54736,AmpGas,msc,8.39791e-06
126734,5,3,e+,420,-234.177,-91.655,-1.47855,-234.273,-91.654,-1.44937,1.54736,1.54736,AmpGas,StepLimiter,0
126734,5,3,e+,421,-234.273,-91.654,-1.44937,-234.279,-91.6539,-1.44746,1.54736,1.54736,AmpGas,Transportation,1.09315e-06
126734,5,3,e+,422,-234.279,-91.6539,-1.44746,-234.28,-91.6539,-1.44727,1.54736,1.54711,ResistivePaste,msc,0.000249293
126734,5,3,e+,423,-234.28,-91.6539,-1.44727,-234.281,-91.6539,-1.44691,1.54711,1.54702,ResistivePaste,msc,9.47928e-05
126734,5,3,e+,424,-234.281,-91.6539,-1.44691,-234.282,-91.6539,-1.44667,1.54702,1.54694,ResistivePaste,msc,7.34683e-05
126734,5,3,e+,425,-234.282,-91.6539,-1.44667,-234.282,-91.6539,-1.44655,1.54694,1.54689,ResistivePaste,msc,5.60243e-05
126734,5,3,e+,426,-234.282,-91.6539,-1.44655,-234.285,-91.6539,-1.4457,1.54689,1.54638,ResistivePaste,msc,0.000504474
126734,5,3,e+,427,-234.285,-91.6539,-1.4457,-234.29,-91.654,-1.44434,1.54638,1.54505,ResistivePaste,msc,0.0013327
126734,5,3,e+,428,-234.29,-91.654,-1.44434,-234.302,-91.6542,-1.44271,1.54505,1.54134,ResistivePaste,msc,0.00370716
126734,5,3,e+,429,-234.302,-91.6542,-1.44271,-234.324,-91.6562,-1.43984,1.54134,1.53727,ResistivePaste,msc,0.00407735
126734,5,3,e+,430,-234.324,-91.6562,-1.43984,-234.368,-91.6615,-1.43599,1.53727,1.52707,ResistivePaste,msc,0.0101965
126734,5,3,e+,431,-234.368,-91.6615,-1.43599,-234.379,-91.6633,-1.43519,1.52707,1.5246,ResistivePaste,msc,0.00247449
126734,5,3,e+,432,-234.379,-91.6633,-1.43519,-234.379,-91.6634,-1.43517,1.5246,1.52456,ResistivePaste,Transportation,3.39012e-05
126734,5,3,e+,433,-234.379,-91.6634,-1.43517,-234.379,-91.6634,-1.43517,1.52456,1.52456,PCB_Kapton,msc,0
126734,5,3,e+,434,-234.379,-91.6634,-1.43517,-234.38,-91.6635,-1.43512,1.52456,1.52445,PCB_Kapton,msc,0.000111757
126734,5,3,e+,435,-234.38,-91.6635,-1.43512,-234.381,-91.6637,-1.43501,1.52445,1.52441,PCB_Kapton,msc,3.76424e-05
126734,5,3,e+,436,-234.381,-91.6637,-1.43501,-234.382,-91.6639,-1.43494,1.52441,1.52441,PCB_Kapton,msc,0
126734,5,3,e+,437,-234.382,-91.6639,-1.43494,-234.382,-91.6639,-1.43493,1.52441,1.52441,PCB_Kapton,msc,0
126734,5,3,e+,438,-234.382,-91.6639,-1.43493,-234.382,-91.664,-1.4349,1.52441,1.52441,PCB_Kapton,msc,0
126734,5,3,e+,439,-234.382,-91.664,-1.4349,-234.385,-91.6646,-1.43463,1.52441,1.52427,PCB_Kapton,msc,0.000143425
126734,5,3,e+,440,-234.385,-91.6646,-1.43463,-234.39,-91.6658,-1.43412,1.52427,1.52388,PCB_Kapton,msc,0.000384617
126734,5,3,e+,441,-234.39,-91.6658,-1.43412,-234.4,-91.6681,-1.43307,1.52388,1.52261,PCB_Kapton,msc,0.00127107
126734,5,3,e+,442,-234.4,-91.6681,-1.43307,-234.421,-91.672,-1.43054,1.52261,1.51902,PCB_Kapton,msc,0.00359529
126734,5,3,e+,443,-234.421,-91.672,-1.43054,-234.429,-91.6731,-1.42966,1.51902,1.51662,PCB_Kapton,msc,0.0023932
126734,5,3,e+,444,-234.429,-91.6731,-1.42966,-234.429,-91.6731,-1.42965,1.51662,1.51659,PCB_Kapton,Transportation,3.06148e-05
126734,5,3,e+,445,-234.429,-91.6731,-1.42965,-234.429,-91.6731,-1.42963,1.51659,1.51658,PCB_Cu_1,msc,1.07918e-05
126734,5,3,e+,446,-234.429,-91.6731,-1.42963,-234.429,-91.6732,-1.42963,1.51658,1.51658,PCB_Cu_1,msc,0
126734,5,3,e+,447,-234.429,-91.6732,-1.42963,-234.429,-91.6732,-1.42963,1.51658,1.51658,PCB_Cu_1,msc,2.17646e-06
126734,5,3,e+,448,-234.429,-91.6732,-1.42963,-234.429,-91.6732,-1.42962,1.51658,1.51658,PCB_Cu_1,msc,0
126734,5,3,e+,449,-234.429,-91.6732,-1.42962,-234.43,-91.6733,-1.4296,1.51658,1.51644,PCB_Cu_1,msc,0.000144352
126734,5,3,e+,450,-234.43,-91.6733,-1.4296,-234.431,-91.6735,-1.42957,1.51644,1.51575,PCB_Cu_1,msc,0.000683362
126734,5,3,e+,451,-234.431,-91.6735,-1.42957,-234.432,-91.6739,-1.42952,1.51575,1.51404,PCB_Cu_1,msc,0.00171563
126734,5,3,e+,452,-234.432,-91.6739,-1.42952,-234.435,-91.6748,-1.42945,1.51404,1.51303,PCB_Cu_1,msc,0.00100828
126734,5,3,e+,453,-234.435,-91.6748,-1.42945,-234.44,-91.6767,-1.42931,1.51303,1.5089,PCB_Cu_1,msc,0.00412776
126734,5,3,e+,454,-234.44,-91.6767,-1.42931,-234.449,-91.6812,-1.42875,1.5089,1.49885,PCB_Cu_1,msc,0.0100476
126734,5,3,e+,455,-234.449,-91.6812,-1.42875,-234.455,-91.6838,-1.4286,1.49885,1.49529,PCB_Cu_1,msc,0.00356166
126734,5,3,e+,456,-234.455,-91.6838,-1.4286,-234.455,-91.684,-1.42858,1.49529,1.49493,PCB_Cu_1,msc,0.000360956
126734,5,3,e+,457,-234.455,-91.684,-1.42858,-234.455,-91.684,-1.42858,1.49493,1.49493,PCB_Cu_1,Transportation,0
126734,5,3,e+,458,-234.455,-91.684,-1.42858,-234.455,-91.684,-1.42858,1.49493,1.49493,PCB_FR4_1,msc,3.86256e-06
126734,5,3,e+,459,-234.455,-91.684,-1.42858,-234.456,-91.6842,-1.42856,1.49493,1.49493,PCB_FR4_1,msc,0
126734,5,3,e+,460,-234.456,-91.6842,-1.42856,-234.456,-91.6843,-1.42855,1.49493,1.49488,PCB_FR4_1,msc,4.6206e-05
126734,5,3,e+,461,-234.456,-91.6843,-1.42855,-234.457,-91.6848,-1.42848,1.49488,1.4903,PCB_FR4_1,msc,0.00458136
126734,5,3,e+,462,-234.457,-91.6848,-1.42848,-234.457,-91.6848,-1.42848,1.4903,1.4903,PCB_FR4_1,msc,2.02876e-07
126734,5,3,e+,463,-234.457,-91.6848,-1.42848,-234.457,-91.6848,-1.42848,1.4903,1.4903,PCB_FR4_1,msc,0
126734,5,3,e+,464,-234.457,-91.6848,-1.42848,-234.457,-91.6849,-1.42848,1.4903,1.4902,PCB_FR4_1,msc,9.66525e-05
126734,5,3,e+,465,-234.457,-91.6849,-1.42848,-234.459,-91.6857,-1.42842,1.4902,1.48986,PCB_FR4_1,msc,0.000340606
126734,5,3,e+,466,-234.459,-91.6857,-1.42842,-234.463,-91.6872,-1.42829,1.48986,1.4891,PCB_FR4_1,msc,0.000764701
126734,5,3,e+,467,-234.463,-91.6872,-1.42829,-234.47,-91.6903,-1.428,1.4891,1.48705,PCB_FR4_1,msc,0.00204999
126734,5,3,e+,468,-234.47,-91.6903,-1.428,-234.484,-91.6967,-1.42728,1.48705,1.48508,PCB_FR4_1,msc,0.001968
126734,5,3,e+,469,-234.484,-91.6967,-1.42728,-234.509,-91.7095,-1.42419,1.48508,1.48019,PCB_FR4_1,msc,0.00488944
126734,5,3,e+,470,-234.509,-91.7095,-1.42419,-234.549,-91.731,-1.41455,1.48019,1.46031,PCB_FR4_1,msc,0.0198828
126734,5,3,e+,471,-234.549,-91.731,-1.41455,-234.554,-91.7342,-1.41321,1.46031,1.4571,PCB_FR4_1,msc,0.00320434
126734,5,3,e+,472,-234.554,-91.7342,-1.41321,-234.555,-91.7346,-1.41302,1.4571,1.45704,PCB_FR4_1,msc,6.82648e-05
126734,5,3,e+,473,-234.555,-91.7346,-1.41302,-234.555,-91.7348,-1.41295,1.45704,1.45695,PCB_FR4_1,Transportation,8.43359e-05
126734,5,3,e+,474,-234.555,-91.7348,-1.41295,-234.555,-91.7348,-1.41295,1.45695,1.45695,PCB_Cu_2,msc,2.16927e-07
126734,5,3,e+,475,-234.555,-91.7348,-1.41295,-234.556,-91.7351,-1.41281,1.45695,1.45693,PCB_Cu_2,msc,2.36401e-05
126734,5,3,e+,476,-234.556,-91.7351,-1.41281,-234.556,-91.7353,-1.41269,1.45693,1.4556,PCB_Cu_2,msc,0.00132287
126734,5,3,e+,477,-234.556,-91.7353,-1.41269,-234.557,-91.7359,-1.41249,1.4556,1.44503,PCB_Cu_2,msc,0.0105714
126734,5,3,e+,478,-234.557,-91.7359,-1.41249,-234.558,-91.737,-1.41198,1.44503,1.4422,PCB_Cu_2,msc,0.0028369
126734,5,3,e+,479,-234.558,-91.737,-1.41198,-234.561,-91.7392,-1.41109,1.4422,1.43999,PCB_Cu_2,msc,0.00220874
126734,5,3,e+,480,-234.561,-91.7392,-1.41109,-234.565,-91.7431,-1.4095,1.43999,1.43383,PCB_Cu_2,msc,0.00616069
126734,5,3,e+,481,-234.565,-91.7431,-1.4095,-234.572,-91.7485,-1.4066,1.43383,1.4155,PCB_Cu_2,msc,0.0183243
126734,5,3,e+,482,-234.572,-91.7485,-1.4066,-234.579,-91.7536,-1.40376,1.4155,1.40817,PCB_Cu_2,msc,0.00733106
126734,5,3,e+,483,-234.579,-91.7536,-1.40376,-234.581,-91.7548,-1.4031,1.40817,1.40728,PCB_Cu_2,msc,0.00089538
126734,5,3,e+,484,-234.581,-91.7548,-1.4031,-234.581,-91.755,-1.40296,1.40728,1.40714,PCB_Cu_2,msc,0.000131646
126734,5,3,e+,485,-234.581,-91.755,-1.40296,-234.581,-91.7551,-1.40294,1.40714,1.40714,PCB_Cu_2,msc,0
126734,5,3,e+,486,-234.581,-91.7551,-1.40294,-234.581,-91.7551,-1.40291,1.40714,1.40714,PCB_Cu_2,Transportation,0
126734,5,3,e+,487,-234.581,-91.7551,-1.40291,-234.582,-91.7557,-1.40258,1.40714,1.40704,PCB_FR4_2,msc,0.000106386
126734,5,3,e+,488,-234.582,-91.7557,-1.40258,-234.582,-91.7558,-1.4025,1.40704,1.40692,PCB_FR4_2,msc,0.00011598
126734,5,3,e+,489,-234.582,-91.7558,-1.4025,-234.583,-91.7567,-1.40197,1.40692,1.40655,PCB_FR4_2,msc,0.000370278
126734,5,3,e+,490,-234.583,-91.7567,-1.40197,-234.585,-91.758,-1.40123,1.40655,1.40318,PCB_FR4_2,msc,0.00336993
126734,5,3,e+,491,-234.585,-91.758,-1.40123,-234.588,-91.7603,-1.39986,1.40318,1.40261,PCB_FR4_2,msc,0.000572948
126734,5,3,e+,492,-234.588,-91.7603,-1.39986,-234.594,-91.7642,-1.39743,1.40261,1.40061,PCB_FR4_2,msc,0.00199701
126734,5,3,e+,493,-234.594,-91.7642,-1.39743,-234.604,-91.7713,-1.39359,1.40061,1.38331,PCB_FR4_2,msc,0.0173025
126734,5,3,e+,494,-234.604,-91.7713,-1.39359,-234.623,-91.7838,-1.38772,1.38331,1.37892,PCB_FR4_2,msc,0.00438648
126734,5,3,e+,495,-234.623,-91.7838,-1.38772,-234.658,-91.8066,-1.38152,1.37892,1.37119,PCB_FR4_2,msc,0.00773487
126734,5,3,e+,496,-234.658,-91.8066,-1.38152,-234.678,-91.818,-1.37924,1.37119,1.36263,PCB_FR4_2,msc,0.00855393
126734,5,3,e+,497,-234.678,-91.818,-1.37924,-234.681,-91.8195,-1.37872,1.36263,1.36238,PCB_FR4_2,msc,0.000251763
126734,5,3,e+,498,-234.681,-91.8195,-1.37872,-234.681,-91.8196,-1.3787,1.36238,1.36234,PCB_FR4_2,msc,4.63328e-05
126734,5,3,e+,499,-234.681,-91.8196,-1.3787,-234.681,-91.8198,-1.37863,1.36234,1.36232,PCB_FR4_2,msc,1.24131e-05
126734,5,3,e+,500,-234.681,-91.8198,-1.37863,-234.681,-91.8198,-1.37862,1.36232,1.36232,PCB_FR4_2,Transportation,6.73473e-06
126734,5,3,e+,501,-234.681,-91.8198,-1.37862,-234.681,-91.8198,-1.37861,1.36232,1.36232,PCB_Cu_3,msc,0
126734,5,3,e+,502,-234.681,-91.8198,-1.37861,-234.681,-91.8198,-1.37861,1.36232,1.36232,PCB_Cu_3,msc,0
126734,5,3,e+,503,-234.681,-91.8198,-1.37861,-234.681,-91.8199,-1.37857,1.36232,1.36206,PCB_Cu_3,msc,0.000253032
126734,5,3,e+,504,-234.681,-91.8199,-1.37857,-234.681,-91.82,-1.37856,1.36206,1.36206,PCB_Cu_3,msc,0
126734,5,3,e+,505,-234.681,-91.82,-1.37856,-234.681,-91.82,-1.37853,1.36206,1.36206,PCB_Cu_3,msc,0
126734,5,3,e+,506,-234.681,-91.82,-1.37853,-234.682,-91.8202,-1.37845,1.36206,1.36162,PCB_Cu_3,msc,0.000443199
126734,5,3,e+,507,-234.682,-91.8202,-1.37845,-234.682,-91.8206,-1.3783,1.36162,1.36129,PCB_Cu_3,msc,0.000331373
126734,5,3,e+,508,-234.682,-91.8206,-1.3783,-234.683,-91.8213,-1.37801,1.36129,1.36095,PCB_Cu_3,msc,0.000339499
126734,5,3,e+,509,-234.683,-91.8213,-1.37801,-234.685,-91.8224,-1.3775,1.36095,1.35865,PCB_Cu_3,msc,0.00229491
126734,5,3,e+,510,-234.685,-91.8224,-1.3775,-234.689,-91.8245,-1.37662,1.35865,1.35013,PCB_Cu_3,msc,0.00852901
126734,5,3,e+,511,-234.689,-91.8245,-1.37662,-234.696,-91.8279,-1.37518,1.35013,1.34469,PCB_Cu_3,msc,0.00543325
126734,5,3,e+,512,-234.696,-91.8279,-1.37518,-234.705,-91.8327,-1.37194,1.34469,1.29323,PCB_Cu_3,msc,0.0514593
126734,5,3,e+,513,-234.705,-91.8327,-1.37194,-234.707,-91.8334,-1.37142,1.29323,1.29207,PCB_Cu_3,msc,0.00116134
126734,5,3,e+,514,-234.707,-91.8334,-1.37142,-234.707,-91.8334,-1.37141,1.29207,1.29206,PCB_Cu_3,msc,9.92294e-06
126734,5,3,e+,515,-234.707,-91.8334,-1.37141,-234.707,-91.8335,-1.37139,1.29206,1.29203,PCB_Cu_3,msc,3.21778e-05
126734,5,3,e+,516,-234.707,-91.8335,-1.37139,-234.707,-91.8335,-1.37137,1.29203,1.29203,PCB_Cu_3,msc,0
126734,5,3,e+,517,-234.707,-91.8335,-1.37137,-234.707,-91.8335,-1.37136,1.29203,1.29203,PCB_Cu_3,msc,0
126734,5,3,e+,518,-234.707,-91.8335,-1.37136,-234.707,-91.8336,-1.37129,1.29203,1.29202,PCB_Cu_3,Transportation,1.23081e-05
126734,5,3,e+,519,-234.707,-91.8336,-1.37129,-234.707,-91.8336,-1.37126,1.29202,1.29202,PCB_FR4_3,msc,0
126734,5,3,e+,520,-234.707,-91.8336,-1.37126,-234.708,-91.8342,-1.37074,1.29202,1.29176,PCB_FR4_3,msc,0.000252302
126734,5,3,e+,521,-234.708,-91.8342,-1.37074,-234.709,-91.8346,-1.37048,1.29176,1.2917,PCB_FR4_3,msc,6.25104e-05
126734,5,3,e+,522,-234.709,-91.8346,-1.37048,-234.709,-91.8346,-1.37046,1.2917,1.2917,PCB_FR4_3,msc,0
126734,5,3,e+,523,-234.709,-91.8346,-1.37046,-234.709,-91.8347,-1.37033,1.2917,1.2917,PCB_FR4_3,msc,0
126734,5,3,e+,524,-234.709,-91.8347,-1.37033,-234.711,-91.8357,-1.36957,1.2917,1.29155,PCB_FR4_3,msc,0.000156032
126734,5,3,e+,525,-234.711,-91.8357,-1.36957,-234.715,-91.8373,-1.36817,1.29155,1.29014,PCB_FR4_3,msc,0.00140831
126734,5,3,e+,526,-234.715,-91.8373,-1.36817,-234.721,-91.8401,-1.36555,1.29014,1.28919,PCB_FR4_3,msc,0.000951371
126734,5,3,e+,527,-234.721,-91.8401,-1.36555,-234.732,-91.8454,-1.36049,1.28919,1.28447,PCB_FR4_3,msc,0.00471467
126734,5,3,e+,528,-234.732,-91.8454,-1.36049,-234.754,-91.8547,-1.3505,1.28447,1.27742,PCB_FR4_3,msc,0.00705558
126734,5,3,e+,529,-234.754,-91.8547,-1.3505,-234.793,-91.8732,-1.33321,1.27742,1.27016,PCB_FR4_3,msc,0.00725327
126734,5,3,e+,530,-234.793,-91.8732,-1.33321,-234.804,-91.8789,-1.32744,1.27016,1.26766,PCB_FR4_3,msc,0.00250695
126734,5,3,e+,531,-234.804,-91.8789,-1.32744,-234.807,-91.8799,-1.32619,1.26766,1.26678,PCB_FR4_3,msc,0.000874696
126734,5,3,e+,532,-234.807,-91.8799,-1.32619,-234.807,-91.88,-1.32614,1.26678,1.26678,PCB_FR4_3,msc,0
126734,5,3,e+,533,-234.807,-91.88,-1.32614,-234.807,-91.8802,-1.32588,1.26678,1.26664,PCB_FR4_3,Transportation,0.000143486
126734,5,3,e+,534,-234.807,-91.8802,-1.32588,-234.807,-91.8802,-1.32585,1.26664,1.26664,PCB_Cu_4,msc,0
126734,5,3,e+,535,-234.807,-91.8802,-1.32585,-234.807,-91.8802,-1.32584,1.26664,1.26664,PCB_Cu_4,msc,0
126734,5,3,e+,536,-234.807,-91.8802,-1.32584,-234.807,-91.8803,-1.32575,1.26664,1.26647,PCB_Cu_4,msc,0.000163279
126734,5,3,e+,537,-234.807,-91.8803,-1.32575,-234.807,-91.8803,-1.32574,1.26647,1.26647,PCB_Cu_4,msc,0
126734,5,3,e+,538,-234.807,-91.8803,-1.32574,-234.808,-91.8804,-1.32562,1.26647,1.26643,PCB_Cu_4,msc,4.87443e-05
126734,5,3,e+,539,-234.808,-91.8804,-1.32562,-234.808,-91.8806,-1.32543,1.26643,1.2527,PCB_Cu_4,msc,0.0137293
126734,5,3,e+,540,-234.808,-91.8806,-1.32543,-234.809,-91.8809,-1.32508,1.2527,1.25181,PCB_Cu_4,msc,0.000883799
126734,5,3,e+,541,-234.809,-91.8809,-1.32508,-234.81,-91.8815,-1.32442,1.25181,1.24982,PCB_Cu_4,msc,0.00199589
126734,5,3,e+,542,-234.81,-91.8815,-1.32442,-234.812,-91.8826,-1.323,1.24982,1.24717,PCB_Cu_4,msc,0.00264496
126734,5,3,e+,543,-234.812,-91.8826,-1.323,-234.815,-91.8846,-1.32019,1.24717,1.24602,PCB_Cu_4,msc,0.00115689
126734,5,3,e+,544,-234.815,-91.8846,-1.32019,-234.82,-91.8876,-1.31514,1.24602,1.24012,PCB_Cu_4,msc,0.00589104
126734,5,3,e+,545,-234.82,-91.8876,-1.31514,-234.829,-91.8899,-1.30649,1.24012,1.22786,PCB_Cu_4,msc,0.0122686
126734,5,3,e+,546,-234.829,-91.8899,-1.30649,-234.832,-91.8906,-1.30437,1.22786,1.22509,PCB_Cu_4,msc,0.0027634
126734,5,3,e+,547,-234.832,-91.8906,-1.30437,-234.833,-91.8908,-1.30395,1.22509,1.2246,PCB_Cu_4,msc,0.000487659
126734,5,3,e+,548,-234.833,-91.8908,-1.30395,-234.833,-91.8908,-1.3039,1.2246,1.2246,PCB_Cu_4,msc,0
126734,5,3,e+,549,-234.833,-91.8908,-1.3039,-234.833,-91.8908,-1.30385,1.2246,1.22442,PCB_Cu_4,Transportation,0.000186323
126734,5,3,e+,550,-234.833,-91.8908,-1.30385,-234.834,-91.891,-1.30319,1.22442,1.22403,PCB_FR4_4,msc,0.000392103
126734,5,3,e+,551,-234.834,-91.891,-1.30319,-234.835,-91.891,-1.30295,1.22403,1.22402,PCB_FR4_4,msc,3.1248e-06
126734,5,3,e+,552,-234.835,-91.891,-1.30295,-234.835,-91.8911,-1.30235,1.22402,1.22131,PCB_FR4_4,msc,0.00271722
126734,5,3,e+,553,-234.835,-91.8911,-1.30235,-234.838,-91.8913,-1.30113,1.22131,1.22126,PCB_FR4_4,msc,4.40635e-05
126734,5,3,e+,554,-234.838,-91.8913,-1.30113,-234.841,-91.8916,-1.29882,1.22126,1.22055,PCB_FR4_4,msc,0.000713938
126734,5,3,e+,555,-234.841,-91.8916,-1.29882,-234.849,-91.8922,-1.29478,1.22055,1.21855,PCB_FR4_4,msc,0.00199966
126734,5,3,e+,556,-234.849,-91.8922,-1.29478,-234.862,-91.8928,-1.28732,1.21855,1.21522,PCB_FR4_4,msc,0.0033286
126734,5,3,e+,557,-234.862,-91.8928,-1.28732,-234.887,-91.893,-1.2725,1.21522,1.20082,PCB_FR4_4,msc,0.0143986
126734,5,3,e+,558,-234.887,-91.893,-1.2725,-234.924,-91.8895,-1.24567,1.20082,1.19111,PCB_FR4_4,msc,0.0097152
126734,5,3,e+,559,-234.924,-91.8895,-1.24567,-234.931,-91.889,-1.2404,1.19111,1.18907,PCB_FR4_4,msc,0.00203989
126734,5,3,e+,560,-234.931,-91.889,-1.2404,-234.932,-91.889,-1.24007,1.18907,1.18902,PCB_FR4_4,msc,4.35255e-05
126734,5,3,e+,561,-234.932,-91.889,-1.24007,-234.932,-91.889,-1.23982,1.18902,1.18901,PCB_FR4_4,msc,1.49613e-05
126734,5,3,e+,562,-234.932,-91.889,-1.23982,-234.933,-91.8889,-1.23938,1.18901,1.18891,PCB_FR4_4,msc,9.94088e-05
126734,5,3,e+,563,-234.933,-91.8889,-1.23938,-234.933,-91.8889,-1.23908,1.18891,1.18885,PCB_FR4_4,Transportation,6.03744e-05
126734,5,3,e+,564,-234.933,-91.8889,-1.23908,-234.947,-91.8877,-1.22902,1.18885,1.18876,PCB_Rohacell,msc,8.80564e-05
126734,5,3,e+,565,-234.947,-91.8877,-1.22902,-234.952,-91.8873,-1.22557,1.18876,1.18876,PCB_Rohacell,msc,0
126734,5,3,e+,566,-234.952,-91.8873,-1.22557,-234.976,-91.8852,-1.20838,1.18876,1.18838,PCB_Rohacell,msc,0.000377455
126734,5,3,e+,567,-234.976,-91.8852,-1.20838,-234.977,-91.8851,-1.20728,1.18838,1.18838,PCB_Rohacell,msc,0
126734,5,3,e+,568,-234.977,-91.8851,-1.20728,-234.988,-91.8841,-1.19968,1.18838,1.18831,PCB_Rohacell,msc,7.34536e-05
126734,5,3,e+,569,-234.988,-91.8841,-1.19968,-235.016,-91.8818,-1.17993,1.18831,1.17985,PCB_Rohacell,eIoni,0.000387309
126734,5,3,e+,570,-235.016,-91.8818,-1.17993,-235.083,-91.8724,-1.13061,1.17985,1.17948,PCB_Rohacell,msc,0.000371026
126734,5,3,e+,571,-235.083,-91.8724,-1.13061,-235.202,-91.8546,-1.04244,1.17948,1.17896,PCB_Rohacell,msc,0.000519796
126734,5,3,e+,572,-235.202,-91.8546,-1.04244,-235.416,-91.8217,-0.883244,1.17896,1.17808,PCB_Rohacell,msc,0.000888244
126734,5,3,e+,573,-235.416,-91.8217,-0.883244,-235.799,-91.7491,-0.597088,1.17808,1.17497,PCB_Rohacell,msc,0.00310398
126734,5,3,e+,574,-235.799,-91.7491,-0.597088,-235.802,-91.7486,-0.595177,1.17497,1.17497,PCB_Rohacell,msc,0
126734,5,3,e+,575,-235.802,-91.7486,-0.595177,-235.823,-91.7446,-0.579168,1.17497,1.17497,PCB_Rohacell,msc,0
126734,5,3,e+,576,-235.823,-91.7446,-0.579168,-235.823,-91.7445,-0.578927,1.17497,1.17389,PCB_Rohacell,eIoni,2.55122e-06
126734,5,3,e+,577,-235.823,-91.7445,-0.578927,-236.151,-91.6905,-0.315706,1.17389,1.16474,PCB_Rohacell,eIoni,0.00234026
126734,5,3,e+,578,-236.151,-91.6905,-0.315706,-236.949,-91.2409,0.480145,1.16474,1.15694,PCB_Rohacell,msc,0.00780025
126734,5,3,e+,579,-236.949,-91.2409,0.480145,-237.11,-91.0846,0.665622,1.15694,1.14872,PCB_Rohacell,eIoni,0.00199698
126734,5,3,e+,580,-237.11,-91.0846,0.665622,-238.225,-90.2908,2.02295,1.14872,1.13519,PCB_Rohacell,eIoni,0.0125098
126734,5,3,e+,581,-238.225,-90.2908,2.02295,-238.333,-90.2408,2.13367,1.13519,1.13134,PCB_Rohacell,eIoni,0.00264484
126734,5,3,e+,582,-238.333,-90.2408,2.13367,-238.846,-89.9831,2.66952,1.13134,1.12636,PCB_Rohacell,eIoni,0.00498663
126734,5,3,e+,583,-238.846,-89.9831,2.66952,-239.579,-89.6552,3.40215,1.12636,1.12063,PCB_Rohacell,msc,0.00572636
126734,5,3,e+,584,-239.579,-89.6552,3.40215,-239.58,-89.6545,3.40361,1.12063,1.12063,PCB_Rohacell,msc,0
126734,5,3,e+,585,-239.58,-89.6545,3.40361,-239.581,-89.6542,3.40446,1.12063,1.12062,PCB_Rohacell,msc,7.94894e-06
126734,5,3,e+,586,-239.581,-89.6542,3.40446,-239.585,-89.6526,3.40803,1.12062,1.12062,PCB_Rohacell,msc,0
126734,5,3,e+,587,-239.585,-89.6526,3.40803,-239.616,-89.6387,3.43951,1.12062,1.12043,PCB_Rohacell,msc,0.000198974
126734,5,3,e+,588,-239.616,-89.6387,3.43951,-239.62,-89.637,3.44362,1.12043,1.11926,PCB_Rohacell,eIoni,0
126734,5,3,e+,589,-239.62,-89.637,3.44362,-239.832,-89.5585,3.66054,1.11926,1.11812,PCB_Rohacell,msc,0.00113615
126734,5,3,e+,590,-239.832,-89.5585,3.66054,-239.899,-89.5348,3.73264,1.11812,1.11687,PCB_Rohacell,msc,0.001245
126734,5,3,e+,591,-239.899,-89.5348,3.73264,-239.921,-89.5272,3.75585,1.11687,1.11427,PCB_Rohacell,eIoni,0.000289885
126734,5,3,e+,592,-239.921,-89.5272,3.75585,-239.933,-89.5235,3.76861,1.11427,1.11406,PCB_Rohacell,Transportation,0.000218105
126734,5,3,e+,593,-239.933,-89.5235,3.76861,-239.933,-89.5235,3.76869,1.11406,1.11406,PCB_AlFoil,msc,0
126734,5,3,e+,594,-239.933,-89.5235,3.76869,-239.933,-89.5234,3.76891,1.11406,1.11404,PCB_AlFoil,msc,1.21118e-05
126734,5,3,e+,595,-239.933,-89.5234,3.76891,-239.934,-89.5233,3.76937,1.11404,1.1139,PCB_AlFoil,msc,0.000142894
126734,5,3,e+,596,-239.934,-89.5233,3.76937,-239.934,-89.5233,3.76958,1.1139,1.11379,PCB_AlFoil,msc,0.000111803
126734,5,3,e+,597,-239.934,-89.5233,3.76958,-239.935,-89.5231,3.7703,1.11379,1.11356,PCB_AlFoil,msc,0.000228966
126734,5,3,e+,598,-239.935,-89.5231,3.7703,-239.936,-89.5228,3.77143,1.11356,1.11347,PCB_AlFoil,msc,8.93842e-05
126734,5,3,e+,599,-239.936,-89.5228,3.77143,-239.937,-89.5222,3.77338,1.11347,1.11332,PCB_AlFoil,msc,0.000150764
126734,5,3,e+,600,-239.937,-89.5222,3.77338,-239.94,-89.5212,3.77652,1.11332,1.11234,PCB_AlFoil,msc,0.000977928
126734,5,3,e+,601,-239.94,-89.5212,3.77652,-239.945,-89.5197,3.78168,1.11234,1.10922,PCB_AlFoil,msc,0.0031176
126734,5,3,e+,602,-239.945,-89.5197,3.78168,-239.952,-89.5178,3.79052,1.10922,1.10711,PCB_AlFoil,msc,0.00211568
126734,5,3,e+,603,-239.952,-89.5178,3.79052,-239.965,-89.5142,3.80337,1.10711,1.09612,PCB_AlFoil,msc,0.0109903
126734,5,3,e+,604,-239.965,-89.5142,3.80337,-239.974,-89.5066,3.81595,1.09612,1.08672,PCB_AlFoil,msc,0.0094007
126734,5,3,e+,605,-239.974,-89.5066,3.81595,-239.977,-89.5016,3.8229,1.08672,1.08313,PCB_AlFoil,msc,0.00358771
126734,5,3,e+,606,-239.977,-89.5016,3.8229,-239.979,-89.4982,3.82727,1.08313,1.08138,PCB_AlFoil,msc,0.00174639
126734,5,3,e+,607,-239.979,-89.4982,3.82727,-239.981,-89.4959,3.82995,1.08138,1.08053,PCB_AlFoil,msc,0.000853756
126734,5,3,e+,608,-239.981,-89.4959,3.82995,-239.982,-89.4945,3.83161,1.08053,1.07926,PCB_AlFoil,msc,0.00126859
126734,5,3,e+,609,-239.982,-89.4945,3.83161,-239.982,-89.4936,3.83262,1.07926,1.07921,PCB_AlFoil,msc,5.55855e-05
126734,5,3,e+,610,-239.982,-89.4936,3.83262,-239.982,-89.4935,3.83266,1.07921,1.07921,PCB_AlFoil,msc,0
126734,5,3,e+,611,-239.982,-89.4935,3.83266,-239.982,-89.4931,3.83307,1.07921,1.07907,PCB_AlFoil,msc,0.000136365
126734,5,3,e+,612,-239.982,-89.4931,3.83307,-239.983,-89.4919,3.83429,1.07907,1.07853,PCB_AlFoil,Transportation,0.000535318
126734,5,3,e+,613,-239.983,-89.4919,3.83429,-240.655,-88.2022,5.08439,1.07853,1.07833,World,msc,0.000203416
126734,5,3,e+,614,-240.655,-88.2022,5.08439,-240.657,-88.1985,5.08795,1.07833,1.07833,World,msc,7.38512e-07
126734,5,3,e+,615,-240.657,-88.1985,5.08795,-240.778,-87.9665,5.3177,1.07833,1.07828,World,msc,5.42414e-05
126734,5,3,e+,616,-240.778,-87.9665,5.3177,-240.864,-87.7966,5.48433,1.07828,1.07828,World,msc,0
126734,5,3,e+,617,-240.864,-87.7966,5.48433,-241.836,-85.9231,7.31476,1.07828,1.07813,World,msc,0.000150984
126734,5,3,e+,618,-241.836,-85.9231,7.31476,-241.84,-85.9145,7.32288,1.07813,1.07812,World,msc,1.69142e-06
126734,5,3,e+,619,-241.84,-85.9145,7.32288,-242.46,-84.6758,8.51122,1.07812,1.07794,World,msc,0.000186331
126734,5,3,e+,620,-242.46,-84.6758,8.51122,-242.808,-83.9798,9.18477,1.07794,1.07789,World,msc,4.43444e-05
126734,5,3,e+,621,-242.808,-83.9798,9.18477,-242.901,-83.7896,9.3677,1.07789,1.07789,World,msc,0
126734,5,3,e+,622,-242.901,-83.7896,9.3677,-243.554,-82.4747,10.6638,1.07789,1.0777,World,msc,0.000194795
126734,5,3,e+,623,-243.554,-82.4747,10.6638,-244.76,-80.0884,13.0302,1.0777,1.0776,World,msc,9.29862e-05
126734,5,3,e+,624,-244.76,-80.0884,13.0302,-246.37,-76.887,16.1879,1.0776,1.07583,World,msc,0.00177597
126734,5,3,e+,625,-246.37,-76.887,16.1879,-248.471,-72.562,20.3921,1.07583,1.07475,World,msc,0.00107613
126734,5,3,e+,626,-248.471,-72.562,20.3921,-251.273,-66.7844,25.9435,1.07475,1.07428,World,msc,0.000473724
126734,5,3,e+,627,-251.273,-66.7844,25.9435,-255.116,-59.1662,33.3348,1.07428,1.07284,World,msc,0.00144374
126734,5,3,e+,628,-255.116,-59.1662,33.3348,-260.437,-49.1329,43.3354,1.07284,1.06958,World,msc,0.00325743
126734,5,3,e+,629,-260.437,-49.1329,43.3354,-267.454,-35.5656,56.9344,1.06958,1.06712,World,msc,0.0024582
126734,5,3,e+,630,-267.454,-35.5656,56.9344,-278.367,-20.1584,76.8463,1.06712,1.06127,World,msc,0.00585285
126734,5,3,e+,631,-278.367,-20.1584,76.8463,-297.25,0.0607142,103.394,1.06127,1.05515,World,msc,0.00611861
126734,5,3,e+,632,-297.25,0.0607142,103.394,-315.859,14.9923,125.773,1.05515,1.0503,World,msc,0.00484934
126734,5,3,e+,633,-315.859,14.9923,125.773,-324.488,20.6988,135.396,1.0503,1.04921,World,msc,0.00109122
126734,5,3,e+,634,-324.488,20.6988,135.396,-327.942,23.1608,138.916,1.04921,1.04842,World,msc,0.000791955
126734,5,3,e+,635,-327.942,23.1608,138.916,-327.986,23.1929,138.963,1.04842,1.04841,World,msc,9.68437e-06
126734,5,3,e+,636,-327.986,23.1929,138.963,-328.316,23.4332,139.319,1.04841,1.04841,World,msc,0
126734,5,3,e+,637,-328.316,23.4332,139.319,-328.464,23.5414,139.477,1.04841,1.04837,World,msc,4.00692e-05
126734,5,3,e+,638,-328.464,23.5414,139.477,-328.957,23.8541,139.935,1.04837,1.04827,World,msc,9.34948e-05
126734,5,3,e+,639,-328.957,23.8541,139.935,-329.116,23.9545,140.082,1.04827,1.04827,World,msc,0
126734,5,3,e+,640,-329.116,23.9545,140.082,-329.414,24.1404,140.36,1.04827,1.04827,World,msc,0
126734,5,3,e+,641,-329.414,24.1404,140.36,-329.462,24.1705,140.405,1.04827,1.04826,World,msc,9.74813e-06
126734,5,3,e+,642,-329.462,24.1705,140.405,-330,24.5046,140.906,1.04826,1.04804,World,Transportation,0.000225343
126734,5,3,e+,643,-330,24.5046,140.906,-330,24.5046,140.906,1.04804,1.04804,PlasticScint,msc,0
126734,5,3,e+,644,-330,24.5046,140.906,-330.001,24.5054,140.908,1.04804,1.04784,PlasticScint,msc,0.000194028
126734,5,3,e+,645,-330.001,24.5054,140.908,-330.002,24.5057,140.908,1.04784,1.04784,PlasticScint,msc,1.8278e-06
126734,5,3,e+,646,-330.002,24.5057,140.908,-330.002,24.506,140.908,1.04784,1.04783,PlasticScint,msc,1.13363e-05
126734,5,3,e+,647,-330.002,24.506,140.908,-330.004,24.507,140.91,1.04783,1.04739,PlasticScint,msc,0.000437965
126734,5,3,e+,648,-330.004,24.507,140.91,-330.006,24.5086,140.912,1.04739,1.04715,PlasticScint,msc,0.000238345
126734,5,3,e+,649,-330.006,24.5086,140.912,-330.011,24.5112,140.916,1.04715,1.04386,PlasticScint,msc,0.00329566
126734,5,3,e+,650,-330.011,24.5112,140.916,-330.018,24.5157,140.923,1.04386,1.04282,PlasticScint,msc,0.0010339
126734,5,3,e+,651,-330.018,24.5157,140.923,-330.03,24.5232,140.934,1.04282,1.03778,PlasticScint,msc,0.00503956
126734,5,3,e+,652,-330.03,24.5232,140.934,-330.047,24.5359,140.954,1.03778,1.03517,PlasticScint,msc,0.00261834
126734,5,3,e+,653,-330.047,24.5359,140.954,-330.076,24.5582,140.985,1.03517,1.02463,PlasticScint,msc,0.0105396
126734,5,3,e+,654,-330.076,24.5582,140.985,-330.121,24.5937,141.033,1.02463,1.01511,PlasticScint,msc,0.00951786
126734,5,3,e+,655,-330.121,24.5937,141.033,-330.196,24.6427,141.115,1.01511,0.999931,PlasticScint,msc,0.0151781
126734,5,3,e+,656,-330.196,24.6427,141.115,-330.286,24.7356,141.261,0.999931,0.970593,PlasticScint,msc,0.0293376
126734,5,3,e+,657,-330.286,24.7356,141.261,-330.347,24.9243,141.464,0.970593,0.923738,PlasticScint,msc,0.0468556
126734,5,3,e+,658,-330.347,24.9243,141.464,-330.341,25.0955,141.686,0.923738,0.85193,PlasticScint,eIoni,0.0484975
126734,5,3,e+,659,-330.341,25.0955,141.686,-330.327,25.277,141.958,0.85193,0.807718,PlasticScint,msc,0.0442113
126734,5,3,e+,660,-330.327,25.277,141.958,-330.295,25.3414,142.149,0.807718,0.722691,PlasticScint,eIoni,0.0284308
126734,5,3,e+,661,-330.295,25.3414,142.149,-330.185,25.4494,142.362,0.722691,0.676391,PlasticScint,msc,0.0462996
126734,5,3,e+,662,-330.185,25.4494,142.362,-330.171,25.509,142.533,0.676391,0.651,PlasticScint,msc,0.0253914
126734,5,3,e+,663,-330.171,25.509,142.533,-330.16,25.5108,142.702,0.651,0.622656,PlasticScint,msc,0.0283438
126734,5,3,e+,664,-330.16,25.5108,142.702,-330.173,25.4978,142.859,0.622656,0.587245,PlasticScint,msc,0.035411
126734,5,3,e+,665,-330.173,25.4978,142.859,-330.202,25.4717,143.022,0.587245,0.559147,PlasticScint,msc,0.0280976
126734,5,3,e+,666,-330.202,25.4717,143.022,-330.248,25.4372,143.195,0.559147,0.530146,PlasticScint,msc,0.0290011
126734,5,3,e+,667,-330.248,25.4372,143.195,-330.265,25.4296,143.292,0.530146,0.500502,PlasticScint,eIoni,0.0141084
126734,5,3,e+,668,-330.265,25.4296,143.292,-330.265,25.4287,143.298,0.500502,0.400884,PlasticScint,eIoni,0.000604339
126734,5,3,e+,669,-330.265,25.4287,143.298,-330.279,25.3847,143.4,0.400884,0.383376,PlasticScint,msc,0.0175081
126734,5,3,e+,670,-330.279,25.3847,143.4,-330.292,25.3348,143.49,0.383376,0.365322,PlasticScint,msc,0.0180542
126734,5,3,e+,671,-330.292,25.3348,143.49,-330.263,25.3334,143.583,0.365322,0.344604,PlasticScint,msc,0.020717
126734,5,3,e+,672,-330.263,25.3334,143.583,-330.241,25.3537,143.666,0.344604,0.330203,PlasticScint,msc,0.0144019
126734,5,3,e+,673,-330.241,25.3537,143.666,-330.232,25.3738,143.747,0.330203,0.313407,PlasticScint,msc,0.0167958
126734,5,3,e+,674,-330.232,25.3738,143.747,-330.218,25.3845,143.822,0.313407,0.298741,PlasticScint,msc,0.0146653
126734,5,3,e+,675,-330.218,25.3845,143.822,-330.19,25.4066,143.884,0.298741,0.275793,PlasticScint,msc,0.022948
126734,5,3,e+,676,-330.19,25.4066,143.884,-330.165,25.423,143.939,0.275793,0.25763,PlasticScint,msc,0.0181633
126734,5,3,e+,677,-330.165,25.423,143.939,-330.155,25.429,143.995,0.25763,0.248123,PlasticScint,msc,0.00950691
126734,5,3,e+,678,-330.155,25.429,143.995,-330.157,25.4447,144.046,0.248123,0.237572,PlasticScint,msc,0.0105512
126734,5,3,e+,679,-330.157,25.4447,144.046,-330.162,25.4591,144.093,0.237572,0.226876,PlasticScint,msc,0.0106958
126734,5,3,e+,680,-330.162,25.4591,144.093,-330.169,25.4807,144.133,0.226876,0.216841,PlasticScint,msc,0.0100353
126734,5,3,e+,681,-330.169,25.4807,144.133,-330.181,25.4945,144.155,0.216841,0.0749842,PlasticScint,eIoni,0.00644159
126734,5,3,e+,682,-330.181,25.4945,144.155,-330.17,25.5119,144.172,0.0749842,0.0576743,PlasticScint,eIoni,0.0173099
126734,5,3,e+,683,-330.17,25.5119,144.172,-330.173,25.505,144.154,0.0576743,0.0402755,PlasticScint,eIoni,0.0173988
126734,5,3,e+,684,-330.173,25.505,144.154,-330.168,25.4959,144.146,0.0402755,0.0235894,PlasticScint,eIoni,0.0166861
126734,5,3,e+,685,-330.168,25.4959,144.146,-330.163,25.4946,144.147,0.0235894,0.00249337,PlasticScint,eIoni,0.0210961
126734,5,3,e+,686,-330.163,25.4946,144.147,-330.163,25.4946,144.147,0.00249337,0,PlasticScint,eIoni,0.00249337
126734,5,3,e+,687,-330.163,25.4946,144.147,-330.163,25.4946,144.147,0,0,PlasticScint,annihil,0
126734,24,5,gamma,1,-330.163,25.4946,144.147,-330,24.0246,144.14,0.510999,0.510999,PlasticScint,Transportation,0
126734,24,5,gamma,2,-330,24.0246,144.14,-266.992,-545.15,141.518,0.510999,0.510999,World,Transportation,0
126734,23,5,gamma,1,-330.163,25.4946,144.147,-333,51.1247,144.265,0.510999,0.510999,PlasticScint,Transportation,0
126734,23,5,gamma,2,-333,51.1247,144.265,-387.689,545.15,146.542,0.510999,0.510999,World,Transportation,0
126734,22,5,e-,1,-330.181,25.4945,144.155,-330.197,25.4994,144.165,0.135415,0.127605,PlasticScint,msc,0.00781011
126734,22,5,e-,2,-330.197,25.4994,144.165,-330.209,25.5052,144.176,0.127605,0.123813,PlasticScint,msc,0.00379167
126734,22,5,e-,3,-330.209,25.5052,144.176,-330.217,25.5161,144.186,0.123813,0.114112,PlasticScint,msc,0.00970097
126734,22,5,e-,4,-330.217,25.5161,144.186,-330.221,25.5286,144.192,0.114112,0.107637,PlasticScint,msc,0.00647498
126734,22,5,e-,5,-330.221,25.5286,144.192,-330.231,25.5676,144.204,0.107637,0.0809104,PlasticScint,eIoni,0.0267271
126734,22,5,e-,6,-330.231,25.5676,144.204,-330.233,25.597,144.207,0.0809104,0.0659655,PlasticScint,eIoni,0.0149449
126734,22,5,e-,7,-330.233,25.597,144.207,-330.243,25.6178,144.206,0.0659655,0.0529074,PlasticScint,eIoni,0.0130581
126734,22,5,e-,8,-330.243,25.6178,144.206,-330.254,25.6326,144.206,0.0529074,0.0372716,PlasticScint,eIoni,0.0156358
126734,22,5,e-,9,-330.254,25.6326,144.206,-330.265,25.6329,144.202,0.0372716,0.0216163,PlasticScint,eIoni,0.0156553
126734,22,5,e-,10,-330.265,25.6329,144.202,-330.265,25.6288,144.199,0.0216163,0,PlasticScint,eIoni,0.0216163
126734,21,5,e-,1,-330.265,25.4287,143.298,-330.266,25.4377,143.305,0.099014,0.0894983,PlasticScint,msc,0.00951561
126734,21,5,e-,2,-330.266,25.4377,143.305,-330.268,25.4627,143.327,0.0894983,0.0644991,PlasticScint,eIoni,0.0249992
126734,21,5,e-,3,-330.268,25.4627,143.327,-330.259,25.4795,143.34,0.0644991,0.0493308,PlasticScint,eIoni,0.0151683
126734,21,5,e-,4,-330.259,25.4795,143.34,-330.253,25.4819,143.356,0.0493308,0.0338447,PlasticScint,eIoni,0.0154861
126734,21,5,e-,5,-330.253,25.4819,143.356,-330.251,25.4807,143.366,0.0338447,0.00479419,PlasticScint,eIoni,0.0290505
126734,21,5,e-,6,-330.251,25.4807,143.366,-330.251,25.4809,143.366,0.00479419,0,PlasticScint,eIoni,0.00479419
126734,20,5,e-,1,-330.265,25.4296,143.292,-330.265,25.4297,143.292,0.0155354,0.0152527,PlasticScint,msc,0.000282654
126734,20,5,e-,2,-330.265,25.4297,143.292,-330.268,25.4305,143.291,0.0152527,0,PlasticScint,eIoni,0.0152527
126734,19,5,e-,1,-330.295,25.3414,142.149,-330.297,25.3386,142.151,0.0565971,0.0551268,PlasticScint,msc,0.00147025
126734,19,5,e-,2,-330.297,25.3386,142.151,-330.308,25.3255,142.159,0.0551268,0.0251108,PlasticScint,eIoni,0.030016
126734,19,5,e-,3,-330.308,25.3255,142.159,-330.311,25.3293,142.164,0.0251108,0.00426709,PlasticScint,eIoni,0.0208438
126734,19,5,e-,4,-330.311,25.3293,142.164,-330.311,25.3295,142.164,0.00426709,0,PlasticScint,eIoni,0.00426709
126734,18,5,e-,1,-330.341,25.0955,141.686,-330.342,25.0959,141.686,0.0233105,0.0227302,PlasticScint,msc,0.000580309
126734,18,5,e-,2,-330.342,25.0959,141.686,-330.347,25.0983,141.685,0.0227302,0.0043944,PlasticScint,eIoni,0.0183358
126734,18,5,e-,3,-330.347,25.0983,141.685,-330.347,25.0985,141.685,0.0043944,0,PlasticScint,eIoni,0.0043944
126734,17,5,e-,1,-239.921,-89.5272,3.75585,-239.921,-89.5269,3.75593,0.00231014,0.00218538,PCB_Rohacell,msc,0.000124758
126734,17,5,e-,2,-239.921,-89.5269,3.75593,-239.92,-89.5256,3.75686,0.00218538,0,PCB_Rohacell,eIoni,0.00218538
126734,16,5,e-,1,-239.62,-89.637,3.44362,-239.62,-89.6369,3.44353,0.00116942,0.00108979,PCB_Rohacell,msc,7.96338e-05
126734,16,5,e-,2,-239.62,-89.6369,3.44353,-239.62,-89.6368,3.44302,0.00108979,0,PCB_Rohacell,eIoni,0.00108979
126734,15,5,e-,1,-238.333,-90.2408,2.13367,-238.333,-90.2408,2.13361,0.00119557,0.00119557,PCB_Rohacell,msc,0
126734,15,5,e-,2,-238.333,-90.2408,2.13361,-238.334,-90.2405,2.13347,0.00119557,0,PCB_Rohacell,eIoni,0.00119557
126734,14,5,e-,1,-238.225,-90.2908,2.02295,-238.225,-90.2909,2.0229,0.00102936,0.000932079,PCB_Rohacell,msc,9.72844e-05
126734,14,5,e-,2,-238.225,-90.2909,2.0229,-238.225,-90.291,2.02261,0.000932079,0,PCB_Rohacell,eIoni,0.000932079
126734,13,5,e-,1,-237.11,-91.0846,0.665622,-237.111,-91.085,0.664826,0.0062192,0.00617557,PCB_Rohacell,msc,4.36276e-05
126734,13,5,e-,2,-237.111,-91.085,0.664826,-237.115,-91.08,0.656596,0.00617557,0.00190763,PCB_Rohacell,eIoni,0.00426794
126734,13,5,e-,3,-237.115,-91.08,0.656596,-237.115,-91.0791,0.655683,0.00190763,0,PCB_Rohacell,eIoni,0.00190763
126734,12,5,e-,1,-236.151,-91.6905,-0.315706,-236.15,-91.6925,-0.314939,0.006805,0.00662766,PCB_Rohacell,msc,0.000177348
126734,12,5,e-,2,-236.15,-91.6925,-0.314939,-236.146,-91.7028,-0.311725,0.00662766,0.00258135,PCB_Rohacell,eIoni,0.0040463
126734,12,5,e-,3,-236.146,-91.7028,-0.311725,-236.145,-91.7044,-0.311932,0.00258135,0,PCB_Rohacell,eIoni,0.00258135
126734,11,5,e-,1,-235.823,-91.7445,-0.578927,-235.823,-91.7444,-0.578903,0.00108274,0.00106538,PCB_Rohacell,msc,1.7357e-05
126734,11,5,e-,2,-235.823,-91.7444,-0.578903,-235.823,-91.744,-0.578764,0.00106538,0,PCB_Rohacell,eIoni,0.00106538
126734,10,5,e-,1,-235.016,-91.8818,-1.17993,-235.018,-91.8843,-1.18122,0.00806652,0.00788827,PCB_Rohacell,msc,0.000178247
126734,10,5,e-,2,-235.018,-91.8843,-1.18122,-235.019,-91.8866,-1.18241,0.00788827,0.00647145,PCB_Rohacell,eIoni,0.000938003
126734,10,5,e-,3,-235.019,-91.8866,-1.18241,-235.025,-91.8931,-1.18875,0.00647145,0.00325968,PCB_Rohacell,eIoni,0.00321177
126734,10,5,e-,4,-235.025,-91.8931,-1.18875,-235.026,-91.8902,-1.19061,0.00325968,0,PCB_Rohacell,eIoni,0.00325968
126734,25,10,e-,1,-235.019,-91.8866,-1.18241,-235.019,-91.8866,-1.1824,0.00047882,0.00047882,PCB_Rohacell,msc,0
126734,25,10,e-,2,-235.019,-91.8866,-1.1824,-235.019,-91.8864,-1.18235,0.00047882,0,PCB_Rohacell,eIoni,0.00047882
126734,9,5,e-,1,-205.107,-83.1453,-3.97034,-205.105,-83.1543,-3.9723,0.00176864,0.00152963,DriftGas,msc,0.000239013
126734,9,5,e-,2,-205.105,-83.1543,-3.9723,-205.101,-83.1741,-3.97656,0.00152963,0.00117275,DriftGas,eIoni,0.000356882
126734,9,5,e-,3,-205.101,-83.1741,-3.97656,-205.106,-83.1831,-3.98748,0.00117275,0.00053506,DriftGas,eIoni,0.000637688
126734,9,5,e-,4,-205.106,-83.1831,-3.98748,-205.103,-83.179,-3.98534,0.00053506,0.000498852,DriftGas,eIoni,3.62084e-05
126734,9,5,e-,5,-205.103,-83.179,-3.98534,-205.103,-83.1841,-3.98477,0.000498852,0.000404479,DriftGas,eIoni,9.43733e-05
126734,9,5,e-,6,-205.103,-83.1841,-3.98477,-205.1,-83.1838,-3.98242,0.000404479,0,DriftGas,eIoni,0.000404479
126734,8,5,e-,1,-192.026,-79.5657,-4.04771,-192.027,-79.565,-4.05757,0.001722,0.001722,World,msc,0
126734,8,5,e-,2,-192.027,-79.565,-4.05757,-192.029,-79.5626,-4.08841,0.001722,0.00142745,World,eIoni,0.000294546
126734,8,5,e-,3,-192.029,-79.5626,-4.08841,-192.035,-79.5838,-4.10001,0.00142745,0.00111514,World,eIoni,0.000312313
126734,8,5,e-,4,-192.035,-79.5838,-4.10001,-192.052,-79.5876,-4.09383,0.00111514,0.00103273,World,eIoni,8.24133e-05
126734,8,5,e-,5,-192.052,-79.5876,-4.09383,-192.067,-79.5942,-4.09942,0.00103273,0.00067527,World,eIoni,0.000357457
126734,8,5,e-,6,-192.067,-79.5942,-4.09942,-192.076,-79.5975,-4.10214,0.00067527,0.000621976,World,eIoni,5.32945e-05
126734,8,5,e-,7,-192.076,-79.5975,-4.10214,-192.075,-79.6022,-4.09422,0.000621976,0.00021944,World,eIoni,0.000402536
126734,8,5,e-,8,-192.075,-79.6022,-4.09422,-192.074,-79.6032,-4.09329,0.00021944,0,World,eIoni,0.00021944
126734,7,5,e-,1,-112.95,-61.9267,-3.30119,-112.952,-61.8988,-3.29147,0.00330926,0.0032162,World,msc,9.30594e-05
126734,7,5,e-,2,-112.952,-61.8988,-3.29147,-112.956,-61.8312,-3.26693,0.0032162,0.00256336,World,eIoni,0.000652834
126734,7,5,e-,3,-112.956,-61.8312,-3.26693,-112.972,-61.8031,-3.22625,0.00256336,0.00232749,World,eIoni,0.000235868
126734,7,5,e-,4,-112.972,-61.8031,-3.22625,-113.002,-61.7995,-3.19249,0.00232749,0.00122571,World,eIoni,0.00110178
126734,7,5,e-,5,-113.002,-61.7995,-3.19249,-113.01,-61.7947,-3.1738,0.00122571,0.000539206,World,eIoni,0.000686507
126734,7,5,e-,6,-113.01,-61.7947,-3.1738,-113.007,-61.7909,-3.17978,0.000539206,0.000252372,World,eIoni,0.000286833
126734,7,5,e-,7,-113.007,-61.7909,-3.17978,-113.006,-61.7924,-3.18114,0.000252372,0,World,eIoni,0.000252372
126734,4,3,e-,1,-3.06124,-46.3157,-1.32798,-3.21907,-46.3396,-1.3607,4.64136,4.58465,He3Cap_Al,msc,0.0567132
126734,4,3,e-,2,-3.21907,-46.3396,-1.3607,-3.22405,-46.3404,-1.36181,4.58465,4.58418,He3Cap_Al,msc,0.000463158
126734,4,3,e-,3,-3.22405,-46.3404,-1.36181,-3.22419,-46.3404,-1.36184,4.58418,4.58416,He3Cap_Al,Transportation,2.45673e-05
126734,4,3,e-,4,-3.22419,-46.3404,-1.36184,-3.22444,-46.3405,-1.3619,4.58416,4.58404,He3Cap_CFRP,msc,0.000122237
126734,4,3,e-,5,-3.22444,-46.3405,-1.3619,-3.22562,-46.3407,-1.36216,4.58404,4.5839,He3Cap_CFRP,msc,0.000141884
126734,4,3,e-,6,-3.22562,-46.3407,-1.36216,-3.22671,-46.3408,-1.3624,4.5839,4.58368,He3Cap_CFRP,msc,0.00022075
126734,4,3,e-,7,-3.22671,-46.3408,-1.3624,-3.22693,-46.3409,-1.36245,4.58368,4.58366,He3Cap_CFRP,msc,1.03287e-05
126734,4,3,e-,8,-3.22693,-46.3409,-1.36245,-3.22961,-46.3413,-1.363,4.58366,4.58318,He3Cap_CFRP,msc,0.000487131
126734,4,3,e-,9,-3.22961,-46.3413,-1.363,-3.23488,-46.3421,-1.3641,4.58318,4.582,He3Cap_CFRP,msc,0.00117375
126734,4,3,e-,10,-3.23488,-46.3421,-1.3641,-3.24524,-46.3437,-1.36638,4.582,4.5803,He3Cap_CFRP,msc,0.00170525
126734,4,3,e-,11,-3.24524,-46.3437,-1.36638,-3.26572,-46.3472,-1.37046,4.5803,4.57677,He3Cap_CFRP,msc,0.00352522
126734,4,3,e-,12,-3.26572,-46.3472,-1.37046,-3.3063,-46.3543,-1.37628,4.57677,4.57228,He3Cap_CFRP,msc,0.00449251
126734,4,3,e-,13,-3.3063,-46.3543,-1.37628,-3.38577,-46.3684,-1.38602,4.57228,4.55027,He3Cap_CFRP,msc,0.0220091
126734,4,3,e-,14,-3.38577,-46.3684,-1.38602,-3.5398,-46.404,-1.39659,4.55027,4.52736,He3Cap_CFRP,msc,0.0229132
126734,4,3,e-,15,-3.5398,-46.404,-1.39659,-3.83545,-46.4765,-1.41994,4.52736,4.48031,He3Cap_CFRP,msc,0.0470448
126734,4,3,e-,16,-3.83545,-46.4765,-1.41994,-4.13528,-46.5537,-1.43684,4.48031,4.35954,He3Cap_CFRP,msc,0.120774
126734,4,3,e-,17,-4.13528,-46.5537,-1.43684,-4.1567,-46.5594,-1.43802,4.35954,4.35557,He3Cap_CFRP,msc,0.00397066
126734,4,3,e-,18,-4.1567,-46.5594,-1.43802,-4.15701,-46.5595,-1.43804,4.35557,4.35549,He3Cap_CFRP,msc,8.17923e-05
126734,4,3,e-,19,-4.15701,-46.5595,-1.43804,-4.1577,-46.5597,-1.43808,4.35549,4.35548,He3Cap_CFRP,msc,8.3796e-06
126734,4,3,e-,20,-4.1577,-46.5597,-1.43808,-4.15834,-46.5598,-1.43811,4.35548,4.35502,He3Cap_CFRP,Transportation,0.000460189
126734,4,3,e-,21,-4.15834,-46.5598,-1.43811,-6.18981,-47.0894,-1.55275,4.35502,4.35476,World,msc,0.000258453
126734,4,3,e-,22,-6.18981,-47.0894,-1.55275,-6.56759,-47.1879,-1.57305,4.35476,4.35476,World,msc,0
126734,4,3,e-,23,-6.56759,-47.1879,-1.57305,-8.84797,-47.7816,-1.69062,4.35476,4.35444,World,msc,0.000322241
126734,4,3,e-,24,-8.84797,-47.7816,-1.69062,-13.3185,-48.885,-1.86365,4.35444,4.3537,World,msc,0.000741377
126734,4,3,e-,25,-13.3185,-48.885,-1.86365,-22.1106,-51.0072,-2.11725,4.3537,4.35307,World,msc,0.000621971
126734,4,3,e-,26,-22.1106,-51.0072,-2.11725,-39.4294,-55.1477,-2.52591,4.35307,4.35013,World,msc,0.00294466
126734,4,3,e-,27,-39.4294,-55.1477,-2.52591,-73.597,-64.0141,-4.32116,4.35013,4.34542,World,msc,0.00471312
126734,4,3,e-,28,-73.597,-64.0141,-4.32116,-141.918,-81.485,-5.76564,4.34542,4.33383,World,msc,0.0115871
126734,4,3,e-,29,-141.918,-81.485,-5.76564,-166.73,-88.0692,-6.01174,4.33383,4.33021,World,eIoni,0.00203378
126734,4,3,e-,30,-166.73,-88.0692,-6.01174,-202.803,-97.435,-5.99516,4.33021,4.32419,World,msc,0.00601853
126734,4,3,e-,31,-202.803,-97.435,-5.99516,-204,-97.7248,-5.98084,4.32419,4.32412,World,Transportation,7.18175e-05
126734,4,3,e-,32,-204,-97.7248,-5.98084,-204.002,-97.7253,-5.98081,4.32412,4.32412,GasWindow_Mylar,msc,0
126734,4,3,e-,33,-204.002,-97.7253,-5.98081,-204.004,-97.7258,-5.98079,4.32412,4.32386,GasWindow_Mylar,msc,0.000254615
126734,4,3,e-,34,-204.004,-97.7258,-5.98079,-204.008,-97.7268,-5.98076,4.32386,4.32346,GasWindow_Mylar,msc,0.000407454
126734,4,3,e-,35,-204.008,-97.7268,-5.98076,-204.017,-97.7288,-5.98076,4.32346,4.32265,GasWindow_Mylar,msc,0.000810311
126734,4,3,e-,36,-204.017,-97.7288,-5.98076,-204.033,-97.7328,-5.98082,4.32265,4.32005,GasWindow_Mylar,msc,0.00259515
126734,4,3,e-,37,-204.033,-97.7328,-5.98082,-204.04,-97.7344,-5.98084,4.32005,4.31879,GasWindow_Mylar,msc,0.00126244
126734,4,3,e-,38,-204.04,-97.7344,-5.98084,-204.04,-97.7345,-5.98084,4.31879,4.3187,GasWindow_Mylar,Transportation,9.20078e-05
126734,4,3,e-,39,-204.04,-97.7345,-5.98084,-204.04,-97.7345,-5.98084,4.3187,4.3187,GasWindow_Al,msc,0
126734,4,3,e-,40,-204.04,-97.7345,-5.98084,-204.04,-97.7345,-5.98084,4.3187,4.3187,GasWindow_Al,Transportation,0
126734,4,3,e-,41,-204.04,-97.7345,-5.98084,-204.04,-97.7346,-5.98084,4.3187,4.3187,DriftCathode_Kapton,msc,0
126734,4,3,e-,42,-204.04,-97.7346,-5.98084,-204.042,-97.7351,-5.98084,4.3187,4.31854,DriftCathode_Kapton,msc,0.000157839
126734,4,3,e-,43,-204.042,-97.7351,-5.98084,-204.044,-97.7354,-5.98084,4.31854,4.31836,DriftCathode_Kapton,msc,0.000177879
126734,4,3,e-,44,-204.044,-97.7354,-5.98084,-204.047,-97.7362,-5.98085,4.31836,4.31758,DriftCathode_Kapton,msc,0.00078516
126734,4,3,e-,45,-204.047,-97.7362,-5.98085,-204.054,-97.7379,-5.98088,4.31758,4.31658,DriftCathode_Kapton,msc,0.000990522
126734,4,3,e-,46,-204.054,-97.7379,-5.98088,-204.068,-97.7412,-5.98084,4.31658,4.31416,DriftCathode_Kapton,msc,0.0024216
126734,4,3,e-,47,-204.068,-97.7412,-5.98084,-204.089,-97.7465,-5.9808,4.31416,4.31107,DriftCathode_Kapton,msc,0.00309398
126734,4,3,e-,48,-204.089,-97.7465,-5.9808,-204.09,-97.7465,-5.9808,4.31107,4.31107,DriftCathode_Kapton,msc,0
126734,4,3,e-,49,-204.09,-97.7465,-5.9808,-204.09,-97.7467,-5.9808,4.31107,4.31104,DriftCathode_Kapton,Transportation,2.80906e-05
126734,4,3,e-,50,-204.09,-97.7467,-5.9808,-204.09,-97.7467,-5.9808,4.31104,4.31104,DriftCathode_Cu,msc,0
126734,4,3,e-,51,-204.09,-97.7467,-5.9808,-204.09,-97.7467,-5.98081,4.31104,4.31099,DriftCathode_Cu,msc,5.06031e-05
126734,4,3,e-,52,-204.09,-97.7467,-5.98081,-204.09,-97.7467,-5.98081,4.31099,4.31099,DriftCathode_Cu,msc,2.14942e-07
126734,4,3,e-,53,-204.09,-97.7467,-5.98081,-204.091,-97.7468,-5.98081,4.31099,4.31042,DriftCathode_Cu,msc,0.000572064
126734,4,3,e-,54,-204.091,-97.7468,-5.98081,-204.091,-97.747,-5.98081,4.31042,4.3101,DriftCathode_Cu,msc,0.000316789
126734,4,3,e-,55,-204.091,-97.747,-5.98081,-204.093,-97.7473,-5.98082,4.3101,4.30972,DriftCathode_Cu,msc,0.00038553
126734,4,3,e-,56,-204.093,-97.7473,-5.98082,-204.095,-97.7479,-5.98086,4.30972,4.30944,DriftCathode_Cu,msc,0.000273524
126734,4,3,e-,57,-204.095,-97.7479,-5.98086,-204.099,-97.7487,-5.98108,4.30944,4.30722,DriftCathode_Cu,msc,0.00222381
126734,4,3,e-,58,-204.099,-97.7487,-5.98108,-204.099,-97.7487,-5.98108,4.30722,4.3072,DriftCathode_Cu,msc,1.3594e-05
126734,4,3,e-,59,-204.099,-97.7487,-5.98108,-204.099,-97.7488,-5.98109,4.3072,4.30717,DriftCathode_Cu,Transportation,3.41618e-05
126734,4,3,e-,60,-204.099,-97.7488,-5.98109,-204.196,-97.7706,-5.98844,4.30717,4.30709,DriftGas,StepLimiter,8.31459e-05
126734,4,3,e-,61,-204.196,-97.7706,-5.98844,-204.294,-97.7924,-5.99579,4.30709,4.30709,DriftGas,StepLimiter,0
126734,4,3,e-,62,-204.294,-97.7924,-5.99579,-204.391,-97.8142,-6.00314,4.30709,4.30709,DriftGas,StepLimiter,0
126734,4,3,e-,63,-204.391,-97.8142,-6.00314,-204.488,-97.836,-6.01049,4.30709,4.30709,DriftGas,StepLimiter,0
126734,4,3,e-,64,-204.488,-97.836,-6.01049,-204.586,-97.8578,-6.01785,4.30709,4.30709,DriftGas,StepLimiter,0
126734,4,3,e-,65,-204.586,-97.8578,-6.01785,-204.683,-97.8796,-6.0252,4.30709,4.30709,DriftGas,StepLimiter,0
126734,4,3,e-,66,-204.683,-97.8796,-6.0252,-204.78,-97.9014,-6.03255,4.30709,4.30709,DriftGas,StepLimiter,0
126734,4,3,e-,67,-204.78,-97.9014,-6.03255,-204.878,-97.9232,-6.0399,4.30709,4.30709,DriftGas,StepLimiter,0
126734,4,3,e-,68,-204.878,-97.9232,-6.0399,-204.975,-97.945,-6.04725,4.30709,4.30709,DriftGas,StepLimiter,0
126734,4,3,e-,69,-204.975,-97.945,-6.04725,-205.023,-97.9557,-6.05087,4.30709,4.30708,DriftGas,msc,8.88576e-06
126734,4,3,e-,70,-205.023,-97.9557,-6.05087,-205.12,-97.9772,-6.05797,4.30708,4.307,DriftGas,StepLimiter,7.96976e-05
126734,4,3,e-,71,-205.12,-97.9772,-6.05797,-205.13,-97.9793,-6.05867,4.307,4.307,DriftGas,msc,1.77131e-06
126734,4,3,e-,72,-205.13,-97.9793,-6.05867,-205.227,-98.0021,-6.06507,4.307,4.307,DriftGas,StepLimiter,0
126734,4,3,e-,73,-205.227,-98.0021,-6.06507,-205.324,-98.0248,-6.07147,4.307,4.307,DriftGas,StepLimiter,0
126734,4,3,e-,74,-205.324,-98.0248,-6.07147,-205.384,-98.0388,-6.07538,4.307,4.307,DriftGas,msc,0
126734,4,3,e-,75,-205.384,-98.0388,-6.07538,-205.481,-98.0614,-6.08167,4.307,4.307,DriftGas,StepLimiter,0
126734,4,3,e-,76,-205.481,-98.0614,-6.08167,-205.578,-98.084,-6.08796,4.307,4.307,DriftGas,StepLimiter,0
126734,4,3,e-,77,-205.578,-98.084,-6.08796,-205.675,-98.1066,-6.09425,4.307,4.307,DriftGas,StepLimiter,0
126734,4,3,e-,78,-205.675,-98.1066,-6.09425,-205.773,-98.1291,-6.10054,4.307,4.307,DriftGas,StepLimiter,0
126734,4,3,e-,79,-205.773,-98.1291,-6.10054,-205.87,-98.1517,-6.10683,4.307,4.307,DriftGas,StepLimiter,0
126734,4,3,e-,80,-205.87,-98.1517,-6.10683,-205.967,-98.1743,-6.11313,4.307,4.307,DriftGas,StepLimiter,0
126734,4,3,e-,81,-205.967,-98.1743,-6.11313,-206.064,-98.1969,-6.11942,4.307,4.307,DriftGas,StepLimiter,0
126734,4,3,e-,82,-206.064,-98.1969,-6.11942,-206.161,-98.2195,-6.12571,4.307,4.307,DriftGas,StepLimiter,0
126734,4,3,e-,83,-206.161,-98.2195,-6.12571,-206.259,-98.2421,-6.132,4.307,4.307,DriftGas,StepLimiter,0
126734,4,3,e-,84,-206.259,-98.2421,-6.132,-206.356,-98.2647,-6.13829,4.307,4.307,DriftGas,StepLimiter,0
126734,4,3,e-,85,-206.356,-98.2647,-6.13829,-206.453,-98.2873,-6.14458,4.307,4.307,DriftGas,StepLimiter,0
126734,4,3,e-,86,-206.453,-98.2873,-6.14458,-206.543,-98.3083,-6.15042,4.307,4.307,DriftGas,msc,0
126734,4,3,e-,87,-206.543,-98.3083,-6.15042,-206.614,-98.3247,-6.15487,4.307,4.307,DriftGas,msc,0
126734,4,3,e-,88,-206.614,-98.3247,-6.15487,-206.619,-98.3258,-6.15517,4.307,4.307,DriftGas,msc,8.90338e-07
126734,4,3,e-,89,-206.619,-98.3258,-6.15517,-206.716,-98.3481,-6.161,4.307,4.307,DriftGas,StepLimiter,0
126734,4,3,e-,90,-206.716,-98.3481,-6.161,-206.814,-98.3703,-6.16683,4.307,4.307,DriftGas,StepLimiter,0
126734,4,3,e-,91,-206.814,-98.3703,-6.16683,-206.911,-98.3926,-6.17266,4.307,4.30666,DriftGas,StepLimiter,0.000336739
126734,4,3,e-,92,-206.911,-98.3926,-6.17266,-207.008,-98.4149,-6.17849,4.30666,4.30661,DriftGas,StepLimiter,5.25377e-05
126734,4,3,e-,93,-207.008,-98.4149,-6.17849,-207.062,-98.4271,-6.18168,4.30661,4.3066,DriftGas,msc,9.87693e-06
126734,4,3,e-,94,-207.062,-98.4271,-6.18168,-207.159,-98.4493,-6.18753,4.3066,4.3066,DriftGas,StepLimiter,0
126734,4,3,e-,95,-207.159,-98.4493,-6.18753,-207.256,-98.4715,-6.19339,4.3066,4.3066,DriftGas,StepLimiter,0
126734,4,3,e-,96,-207.256,-98.4715,-6.19339,-207.354,-98.4936,-6.19924,4.3066,4.3066,DriftGas,StepLimiter,0
126734,4,3,e-,97,-207.354,-98.4936,-6.19924,-207.451,-98.5158,-6.2051,4.3066,4.30658,DriftGas,StepLimiter,2.14874e-05
126734,4,3,e-,98,-207.451,-98.5158,-6.2051,-207.548,-98.538,-6.21095,4.30658,4.30658,DriftGas,StepLimiter,0
126734,4,3,e-,99,-207.548,-98.538,-6.21095,-207.646,-98.5602,-6.21681,4.30658,4.30658,DriftGas,StepLimiter,0
126734,4,3,e-,100,-207.646,-98.5602,-6.21681,-207.743,-98.5824,-6.22266,4.30658,4.30658,DriftGas,StepLimiter,0
126734,4,3,e-,101,-207.743,-98.5824,-6.22266,-207.84,-98.6046,-6.22852,4.30658,4.30658,DriftGas,StepLimiter,0
126734,4,3,e-,102,-207.84,-98.6046,-6.22852,-207.938,-98.6267,-6.23437,4.30658,4.30658,DriftGas,StepLimiter,0
126734,4,3,e-,103,-207.938,-98.6267,-6.23437,-208.035,-98.6489,-6.24023,4.30658,4.30658,DriftGas,StepLimiter,0
126734,4,3,e-,104,-208.035,-98.6489,-6.24023,-208.132,-98.6711,-6.24608,4.30658,4.30658,DriftGas,StepLimiter,0
126734,4,3,e-,105,-208.132,-98.6711,-6.24608,-208.23,-98.6933,-6.25194,4.30658,4.30658,DriftGas,StepLimiter,0
126734,4,3,e-,106,-208.23,-98.6933,-6.25194,-208.327,-98.7155,-6.25779,4.30658,4.30658,DriftGas,StepLimiter,0
126734,4,3,e-,107,-208.327,-98.7155,-6.25779,-208.424,-98.7377,-6.26365,4.30658,4.30658,DriftGas,StepLimiter,0
126734,4,3,e-,108,-208.424,-98.7377,-6.26365,-208.522,-98.7598,-6.2695,4.30658,4.30658,DriftGas,StepLimiter,0
126734,4,3,e-,109,-208.522,-98.7598,-6.2695,-208.619,-98.782,-6.27536,4.30658,4.30658,DriftGas,StepLimiter,0
126734,4,3,e-,110,-208.619,-98.782,-6.27536,-208.716,-98.8042,-6.28121,4.30658,4.30655,DriftGas,StepLimiter,2.74527e-05
126734,4,3,e-,111,-208.716,-98.8042,-6.28121,-208.814,-98.8264,-6.28707,4.30655,4.30655,DriftGas,StepLimiter,0
126734,4,3,e-,112,-208.814,-98.8264,-6.28707,-208.911,-98.8486,-6.29292,4.30655,4.30655,DriftGas,StepLimiter,0
126734,4,3,e-,113,-208.911,-98.8486,-6.29292,-208.921,-98.8508,-6.29351,4.30655,4.30655,DriftGas,msc,1.80805e-06
126734,4,3,e-,114,-208.921,-98.8508,-6.29351,-209.018,-98.8729,-6.2987,4.30655,4.30655,DriftGas,StepLimiter,0
126734,4,3,e-,115,-209.018,-98.8729,-6.2987,-209.115,-98.895,-6.30389,4.30655,4.30655,DriftGas,StepLimiter,0
126734,4,3,e-,116,-209.115,-98.895,-6.30389,-209.213,-98.9171,-6.30908,4.30655,4.30655,DriftGas,StepLimiter,0
126734,4,3,e-,117,-209.213,-98.9171,-6.30908,-209.31,-98.9392,-6.31428,4.30655,4.30655,DriftGas,StepLimiter,0
126734,4,3,e-,118,-209.31,-98.9392,-6.31428,-209.408,-98.9613,-6.31947,4.30655,4.30655,DriftGas,StepLimiter,0
126734,4,3,e-,119,-209.408,-98.9613,-6.31947,-209.505,-98.9834,-6.32466,4.30655,4.30646,DriftGas,StepLimiter,8.93404e-05
126734,4,3,e-,120,-209.505,-98.9834,-6.32466,-209.602,-99.0054,-6.32982,4.30646,4.30646,DriftGas,msc,0
126734,4,3,e-,121,-209.602,-99.0054,-6.32982,-209.699,-99.0275,-6.33527,4.30646,4.30646,DriftGas,StepLimiter,0
126734,4,3,e-,122,-209.699,-99.0275,-6.33527,-209.796,-99.0497,-6.34072,4.30646,4.30646,DriftGas,StepLimiter,0
126734,4,3,e-,123,-209.796,-99.0497,-6.34072,-209.894,-99.0718,-6.34616,4.30646,4.30646,DriftGas,StepLimiter,0
126734,4,3,e-,124,-209.894,-99.0718,-6.34616,-209.991,-99.094,-6.35161,4.30646,4.30646,DriftGas,StepLimiter,0
126734,4,3,e-,125,-209.991,-99.094,-6.35161,-210.089,-99.1162,-6.35706,4.30646,4.30646,DriftGas,StepLimiter,0
126734,4,3,e-,126,-210.089,-99.1162,-6.35706,-210.127,-99.1249,-6.3592,4.30646,4.30645,DriftGas,msc,7.09173e-06
126734,4,3,e-,127,-210.127,-99.1249,-6.3592,-210.224,-99.1471,-6.36445,4.30645,4.30645,DriftGas,StepLimiter,0
126734,4,3,e-,128,-210.224,-99.1471,-6.36445,-210.322,-99.1693,-6.36969,4.30645,4.30645,DriftGas,StepLimiter,0
126734,4,3,e-,129,-210.322,-99.1693,-6.36969,-210.329,-99.171,-6.37011,4.30645,4.30645,DriftGas,msc,1.44506e-06
126734,4,3,e-,130,-210.329,-99.171,-6.37011,-210.427,-99.1928,-6.37542,4.30645,4.30641,DriftGas,StepLimiter,4.24047e-05
126734,4,3,e-,131,-210.427,-99.1928,-6.37542,-210.524,-99.2146,-6.38074,4.30641,4.30641,DriftGas,StepLimiter,0
126734,4,3,e-,132,-210.524,-99.2146,-6.38074,-210.622,-99.2364,-6.38606,4.30641,4.30641,DriftGas,StepLimiter,0
126734,4,3,e-,133,-210.622,-99.2364,-6.38606,-210.719,-99.2581,-6.39137,4.30641,4.30641,DriftGas,StepLimiter,0
126734,4,3,e-,134,-210.719,-99.2581,-6.39137,-210.817,-99.2799,-6.39669,4.30641,4.30641,DriftGas,StepLimiter,0
126734,4,3,e-,135,-210.817,-99.2799,-6.39669,-210.914,-99.3017,-6.40201,4.30641,4.30641,DriftGas,StepLimiter,0
126734,4,3,e-,136,-210.914,-99.3017,-6.40201,-211.012,-99.3235,-6.40733,4.30641,4.30641,DriftGas,StepLimiter,0
126734,4,3,e-,137,-211.012,-99.3235,-6.40733,-211.109,-99.3452,-6.41264,4.30641,4.30637,DriftGas,StepLimiter,3.60297e-05
126734,4,3,e-,138,-211.109,-99.3452,-6.41264,-211.206,-99.367,-6.41796,4.30637,4.30637,DriftGas,StepLimiter,0
126734,4,3,e-,139,-211.206,-99.367,-6.41796,-211.304,-99.3888,-6.42328,4.30637,4.30637,DriftGas,StepLimiter,0
126734,4,3,e-,140,-211.304,-99.3888,-6.42328,-211.359,-99.4011,-6.42627,4.30637,4.30637,DriftGas,msc,0
126734,4,3,e-,141,-211.359,-99.4011,-6.42627,-211.431,-99.4173,-6.43016,4.30637,4.30637,DriftGas,msc,0
126734,4,3,e-,142,-211.431,-99.4173,-6.43016,-211.528,-99.4394,-6.43535,4.30637,4.30637,DriftGas,StepLimiter,0
126734,4,3,e-,143,-211.528,-99.4394,-6.43535,-211.626,-99.4614,-6.44055,4.30637,4.30637,DriftGas,StepLimiter,0
126734,4,3,e-,144,-211.626,-99.4614,-6.44055,-211.658,-99.4687,-6.44227,4.30637,4.30636,DriftGas,msc,5.97015e-06
126734,4,3,e-,145,-211.658,-99.4687,-6.44227,-211.71,-99.4803,-6.4449,4.30636,4.30635,DriftGas,msc,9.61699e-06
126734,4,3,e-,146,-211.71,-99.4803,-6.4449,-211.807,-99.5021,-6.44994,4.30635,4.30635,DriftGas,StepLimiter,0
126734,4,3,e-,147,-211.807,-99.5021,-6.44994,-211.905,-99.5239,-6.45498,4.30635,4.30635,DriftGas,StepLimiter,0
126734,4,3,e-,148,-211.905,-99.5239,-6.45498,-212.002,-99.5456,-6.46002,4.30635,4.30635,DriftGas,StepLimiter,0
126734,4,3,e-,149,-212.002,-99.5456,-6.46002,-212.1,-99.5674,-6.46506,4.30635,4.30635,DriftGas,StepLimiter,0
126734,4,3,e-,150,-212.1,-99.5674,-6.46506,-212.197,-99.5892,-6.4701,4.30635,4.30635,DriftGas,StepLimiter,0
126734,4,3,e-,151,-212.197,-99.5892,-6.4701,-212.295,-99.611,-6.47514,4.30635,4.30635,DriftGas,StepLimiter,0
126734,4,3,e-,152,-212.295,-99.611,-6.47514,-212.392,-99.6328,-6.48019,4.30635,4.30635,DriftGas,StepLimiter,0
126734,4,3,e-,153,-212.392,-99.6328,-6.48019,-212.49,-99.6546,-6.48523,4.30635,4.30635,DriftGas,StepLimiter,0
126734,4,3,e-,154,-212.49,-99.6546,-6.48523,-212.587,-99.6763,-6.49027,4.30635,4.30635,DriftGas,StepLimiter,0
126734,4,3,e-,155,-212.587,-99.6763,-6.49027,-212.656,-99.6917,-6.49382,4.30635,4.30631,DriftGas,msc,4.63987e-05
126734,4,3,e-,156,-212.656,-99.6917,-6.49382,-212.739,-99.7098,-6.49816,4.30631,4.30631,DriftGas,msc,0
126734,4,3,e-,157,-212.739,-99.7098,-6.49816,-212.836,-99.7311,-6.50324,4.30631,4.30631,DriftGas,StepLimiter,0
126734,4,3,e-,158,-212.836,-99.7311,-6.50324,-212.934,-99.7524,-6.50832,4.30631,4.30631,DriftGas,StepLimiter,0
126734,4,3,e-,159,-212.934,-99.7524,-6.50832,-213.031,-99.7737,-6.5134,4.30631,4.30631,DriftGas,StepLimiter,0
126734,4,3,e-,160,-213.031,-99.7737,-6.5134,-213.129,-99.7951,-6.51848,4.30631,4.30631,DriftGas,StepLimiter,0
126734,4,3,e-,161,-213.129,-99.7951,-6.51848,-213.227,-99.8164,-6.52356,4.30631,4.30631,DriftGas,StepLimiter,0
126734,4,3,e-,162,-213.227,-99.8164,-6.52356,-213.324,-99.8377,-6.52864,4.30631,4.30631,DriftGas,StepLimiter,0
126734,4,3,e-,163,-213.324,-99.8377,-6.52864,-213.343,-99.8419,-6.52964,4.30631,4.3063,DriftGas,msc,3.52444e-06
126734,4,3,e-,164,-213.343,-99.8419,-6.52964,-213.419,-99.8586,-6.53357,4.3063,4.3063,DriftGas,msc,0
126734,4,3,e-,165,-213.419,-99.8586,-6.53357,-213.517,-99.8812,-6.53745,4.3063,4.30607,DriftGas,StepLimiter,0.000233593
126734,4,3,e-,166,-213.517,-99.8812,-6.53745,-213.614,-99.9037,-6.54133,4.30607,4.30607,DriftGas,StepLimiter,0
126734,4,3,e-,167,-213.614,-99.9037,-6.54133,-213.711,-99.9263,-6.54522,4.30607,4.30607,DriftGas,StepLimiter,0
126734,4,3,e-,168,-213.711,-99.9263,-6.54522,-213.809,-99.9488,-6.5491,4.30607,4.30607,DriftGas,StepLimiter,0
126734,4,3,e-,169,-213.809,-99.9488,-6.5491,-213.906,-99.9714,-6.55298,4.30607,4.30607,DriftGas,StepLimiter,0
126734,4,3,e-,170,-213.906,-99.9714,-6.55298,-214.003,-99.9939,-6.55686,4.30607,4.30607,DriftGas,StepLimiter,0
126734,4,3,e-,171,-214.003,-99.9939,-6.55686,-214.101,-100.016,-6.56075,4.30607,4.30607,DriftGas,StepLimiter,0
126734,4,3,e-,172,-214.101,-100.016,-6.56075,-214.198,-100.039,-6.56463,4.30607,4.30607,DriftGas,StepLimiter,0
126734,4,3,e-,173,-214.198,-100.039,-6.56463,-214.296,-100.062,-6.56851,4.30607,4.30607,DriftGas,StepLimiter,0
126734,4,3,e-,174,-214.296,-100.062,-6.56851,-214.391,-100.084,-6.5723,4.30607,4.30602,DriftGas,msc,4.89082e-05
126734,4,3,e-,175,-214.391,-100.084,-6.5723,-214.488,-100.106,-6.57639,4.30602,4.30602,DriftGas,StepLimiter,0
126734,4,3,e-,176,-214.488,-100.106,-6.57639,-214.585,-100.129,-6.58048,4.30602,4.30495,DriftGas,StepLimiter,0.00107046
126734,4,3,e-,177,-214.585,-100.129,-6.58048,-214.683,-100.151,-6.58457,4.30495,4.30495,DriftGas,StepLimiter,0
126734,4,3,e-,178,-214.683,-100.151,-6.58457,-214.78,-100.174,-6.58866,4.30495,4.30495,DriftGas,StepLimiter,0
126734,4,3,e-,179,-214.78,-100.174,-6.58866,-214.877,-100.197,-6.59275,4.30495,4.30495,DriftGas,StepLimiter,0
126734,4,3,e-,180,-214.877,-100.197,-6.59275,-214.901,-100.202,-6.59376,4.30495,4.30495,DriftGas,msc,4.46261e-06
126734,4,3,e-,181,-214.901,-100.202,-6.59376,-214.999,-100.225,-6.59781,4.30495,4.30491,DriftGas,StepLimiter,4.07605e-05
126734,4,3,e-,182,-214.999,-100.225,-6.59781,-215.096,-100.247,-6.60186,4.30491,4.30491,DriftGas,StepLimiter,0
126734,4,3,e-,183,-215.096,-100.247,-6.60186,-215.193,-100.27,-6.60591,4.30491,4.30491,DriftGas,StepLimiter,0
126734,4,3,e-,184,-215.193,-100.27,-6.60591,-215.291,-100.292,-6.60996,4.30491,4.30455,DriftGas,StepLimiter,0.00035239
126734,4,3,e-,185,-215.291,-100.292,-6.60996,-215.388,-100.315,-6.61401,4.30455,4.30455,DriftGas,StepLimiter,0
126734,4,3,e-,186,-215.388,-100.315,-6.61401,-215.485,-100.337,-6.61805,4.30455,4.30455,DriftGas,StepLimiter,0
126734,4,3,e-,187,-215.485,-100.337,-6.61805,-215.583,-100.36,-6.6221,4.30455,4.30455,DriftGas,StepLimiter,0
126734,4,3,e-,188,-215.583,-100.36,-6.6221,-215.68,-100.382,-6.62615,4.30455,4.30455,DriftGas,StepLimiter,0
126734,4,3,e-,189,-215.68,-100.382,-6.62615,-215.776,-100.405,-6.63016,4.30455,4.30441,DriftGas,msc,0.000148615
126734,4,3,e-,190,-215.776,-100.405,-6.63016,-215.874,-100.426,-6.63154,4.30441,4.30441,DriftGas,StepLimiter,0
126734,4,3,e-,191,-215.874,-100.426,-6.63154,-215.972,-100.447,-6.63293,4.30441,4.30441,DriftGas,StepLimiter,0
126734,4,3,e-,192,-215.972,-100.447,-6.63293,-216.07,-100.468,-6.63431,4.30441,4.30441,DriftGas,StepLimiter,0
126734,4,3,e-,193,-216.07,-100.468,-6.63431,-216.147,-100.485,-6.63541,4.30441,4.30441,DriftGas,msc,0
126734,4,3,e-,194,-216.147,-100.485,-6.63541,-216.245,-100.505,-6.63881,4.30441,4.3042,DriftGas,StepLimiter,0.00020327
126734,4,3,e-,195,-216.245,-100.505,-6.63881,-216.342,-100.526,-6.64222,4.3042,4.3042,DriftGas,StepLimiter,0
126734,4,3,e-,196,-216.342,-100.526,-6.64222,-216.44,-100.547,-6.64563,4.3042,4.3042,DriftGas,StepLimiter,0
126734,4,3,e-,197,-216.44,-100.547,-6.64563,-216.509,-100.562,-6.64803,4.3042,4.3042,DriftGas,msc,0
126734,4,3,e-,198,-216.509,-100.562,-6.64803,-216.607,-100.583,-6.65163,4.3042,4.3042,DriftGas,StepLimiter,0
126734,4,3,e-,199,-216.607,-100.583,-6.65163,-216.704,-100.604,-6.65524,4.3042,4.3042,DriftGas,StepLimiter,0
126734,4,3,e-,200,-216.704,-100.604,-6.65524,-216.802,-100.625,-6.65884,4.3042,4.30401,DriftGas,StepLimiter,0.000191076
126734,4,3,e-,201,-216.802,-100.625,-6.65884,-216.9,-100.646,-6.66244,4.30401,4.30401,DriftGas,StepLimiter,0
126734,4,3,e-,202,-216.9,-100.646,-6.66244,-216.997,-100.667,-6.66604,4.30401,4.30401,DriftGas,StepLimiter,0
126734,4,3,e-,203,-216.997,-100.667,-6.66604,-217.095,-100.688,-6.66964,4.30401,4.30387,DriftGas,StepLimiter,0.000144588
126734,4,3,e-,204,-217.095,-100.688,-6.66964,-217.193,-100.709,-6.67325,4.30387,4.30387,DriftGas,StepLimiter,0
126734,4,3,e-,205,-217.193,-100.709,-6.67325,-217.291,-100.729,-6.67685,4.30387,4.30387,DriftGas,StepLimiter,0
126734,4,3,e-,206,-217.291,-100.729,-6.67685,-217.388,-100.75,-6.68045,4.30387,4.30383,DriftGas,StepLimiter,4.13278e-05
126734,4,3,e-,207,-217.388,-100.75,-6.68045,-217.486,-100.771,-6.68405,4.30383,4.30383,DriftGas,StepLimiter,0
126734,4,3,e-,208,-217.486,-100.771,-6.68405,-217.584,-100.792,-6.68766,4.30383,4.30383,DriftGas,StepLimiter,0
126734,4,3,e-,209,-217.584,-100.792,-6.68766,-217.682,-100.813,-6.69126,4.30383,4.30356,DriftGas,StepLimiter,0.000269724
126734,4,3,e-,210,-217.682,-100.813,-6.69126,-217.779,-100.834,-6.69486,4.30356,4.30356,DriftGas,StepLimiter,0
126734,4,3,e-,211,-217.779,-100.834,-6.69486,-217.877,-100.855,-6.69846,4.30356,4.30342,DriftGas,StepLimiter,0.000138232
126734,4,3,e-,212,-217.877,-100.855,-6.69846,-217.975,-100.876,-6.70207,4.30342,4.30342,DriftGas,StepLimiter,0
126734,4,3,e-,213,-217.975,-100.876,-6.70207,-218.072,-100.897,-6.70567,4.30342,4.30326,DriftGas,StepLimiter,0.000156096
126734,4,3,e-,214,-218.072,-100.897,-6.70567,-218.104,-100.904,-6.70684,4.30326,4.30326,DriftGas,msc,5.85754e-06
126734,4,3,e-,215,-218.104,-100.904,-6.70684,-218.202,-100.924,-6.7104,4.30326,4.30326,DriftGas,StepLimiter,0
126734,4,3,e-,216,-218.202,-100.924,-6.7104,-218.3,-100.945,-6.71397,4.30326,4.30326,DriftGas,StepLimiter,0
126734,4,3,e-,217,-218.3,-100.945,-6.71397,-218.397,-100.966,-6.71753,4.30326,4.30314,DriftGas,StepLimiter,0.000119035
126734,4,3,e-,218,-218.397,-100.966,-6.71753,-218.495,-100.987,-6.7211,4.30314,4.30314,DriftGas,StepLimiter,0
126734,4,3,e-,219,-218.495,-100.987,-6.7211,-218.593,-101.008,-6.72466,4.30314,4.30314,DriftGas,StepLimiter,0
126734,4,3,e-,220,-218.593,-101.008,-6.72466,-218.691,-101.029,-6.72823,4.30314,4.30314,DriftGas,StepLimiter,0
126734,4,3,e-,221,-218.691,-101.029,-6.72823,-218.7,-101.031,-6.72858,4.30314,4.30313,DriftGas,msc,1.78934e-06
126734,4,3,e-,222,-218.7,-101.031,-6.72858,-218.798,-101.052,-6.73232,4.30313,4.30313,DriftGas,StepLimiter,0
126734,4,3,e-,223,-218.798,-101.052,-6.73232,-218.895,-101.074,-6.73605,4.30313,4.30313,DriftGas,StepLimiter,0
126734,4,3,e-,224,-218.895,-101.074,-6.73605,-218.993,-101.095,-6.73979,4.30313,4.30313,DriftGas,StepLimiter,0
126734,4,3,e-,225,-218.993,-101.095,-6.73979,-219.091,-101.116,-6.74353,4.30313,4.30313,DriftGas,StepLimiter,0
126734,4,3,e-,226,-219.091,-101.116,-6.74353,-219.144,-101.128,-6.74555,4.30313,4.30312,DriftGas,msc,9.75051e-06
126734,4,3,e-,227,-219.144,-101.128,-6.74555,-219.241,-101.149,-6.7491,4.30312,4.30312,DriftGas,StepLimiter,0
126734,4,3,e-,228,-219.241,-101.149,-6.7491,-219.339,-101.17,-6.75266,4.30312,4.30312,DriftGas,StepLimiter,0
126734,4,3,e-,229,-219.339,-101.17,-6.75266,-219.437,-101.191,-6.75621,4.30312,4.30312,DriftGas,StepLimiter,0
126734,4,3,e-,230,-219.437,-101.191,-6.75621,-219.503,-101.205,-6.75861,4.30312,4.30312,DriftGas,msc,0
126734,4,3,e-,231,-219.503,-101.205,-6.75861,-219.6,-101.226,-6.76241,4.30312,4.30312,DriftGas,StepLimiter,0
126734,4,3,e-,232,-219.6,-101.226,-6.76241,-219.698,-101.247,-6.76621,4.30312,4.3031,DriftGas,StepLimiter,2.10402e-05
126734,4,3,e-,233,-219.698,-101.247,-6.76621,-219.796,-101.268,-6.77001,4.3031,4.3031,DriftGas,StepLimiter,0
126734,4,3,e-,234,-219.796,-101.268,-6.77001,-219.893,-101.289,-6.77381,4.3031,4.3031,DriftGas,StepLimiter,0
126734,4,3,e-,235,-219.893,-101.289,-6.77381,-219.991,-101.309,-6.77761,4.3031,4.3031,DriftGas,StepLimiter,0
126734,4,3,e-,236,-219.991,-101.309,-6.77761,-220.089,-101.33,-6.78141,4.3031,4.3031,DriftGas,StepLimiter,0
126734,4,3,e-,237,-220.089,-101.33,-6.78141,-220.187,-101.351,-6.78521,4.3031,4.3031,DriftGas,StepLimiter,0
126734,4,3,e-,238,-220.187,-101.351,-6.78521,-220.284,-101.372,-6.78901,4.3031,4.3031,DriftGas,StepLimiter,0
126734,4,3,e-,239,-220.284,-101.372,-6.78901,-220.382,-101.393,-6.79281,4.3031,4.3031,DriftGas,StepLimiter,0
126734,4,3,e-,240,-220.382,-101.393,-6.79281,-220.48,-101.414,-6.79661,4.3031,4.3031,DriftGas,StepLimiter,0
126734,4,3,e-,241,-220.48,-101.414,-6.79661,-220.577,-101.435,-6.80041,4.3031,4.3031,DriftGas,StepLimiter,0
126734,4,3,e-,242,-220.577,-101.435,-6.80041,-220.583,-101.436,-6.80063,4.3031,4.3031,DriftGas,msc,1.01066e-06
126734,4,3,e-,243,-220.583,-101.436,-6.80063,-220.669,-101.455,-6.80363,4.3031,4.3031,DriftGas,msc,0
126734,4,3,e-,244,-220.669,-101.455,-6.80363,-220.767,-101.476,-6.80681,4.3031,4.3031,DriftGas,StepLimiter,0
126734,4,3,e-,245,-220.767,-101.476,-6.80681,-220.865,-101.498,-6.80998,4.3031,4.3031,DriftGas,StepLimiter,0
126734,4,3,e-,246,-220.865,-101.498,-6.80998,-220.962,-101.519,-6.81315,4.3031,4.3031,DriftGas,StepLimiter,0
126734,4,3,e-,247,-220.962,-101.519,-6.81315,-221.06,-101.541,-6.81633,4.3031,4.3031,DriftGas,StepLimiter,0
126734,4,3,e-,248,-221.06,-101.541,-6.81633,-221.157,-101.562,-6.8195,4.3031,4.3031,DriftGas,StepLimiter,0
126734,4,3,e-,249,-221.157,-101.562,-6.8195,-221.255,-101.584,-6.82267,4.3031,4.3031,DriftGas,StepLimiter,0
126734,4,3,e-,250,-221.255,-101.584,-6.82267,-221.353,-101.606,-6.82585,4.3031,4.3031,DriftGas,StepLimiter,0
126734,4,3,e-,251,-221.353,-101.606,-6.82585,-221.45,-101.627,-6.82902,4.3031,4.3031,DriftGas,StepLimiter,0
126734,4,3,e-,252,-221.45,-101.627,-6.82902,-221.548,-101.649,-6.83219,4.3031,4.3031,DriftGas,StepLimiter,0
126734,4,3,e-,253,-221.548,-101.649,-6.83219,-221.645,-101.67,-6.83537,4.3031,4.3031,DriftGas,StepLimiter,0
126734,4,3,e-,254,-221.645,-101.67,-6.83537,-221.743,-101.692,-6.83854,4.3031,4.3031,DriftGas,StepLimiter,0
126734,4,3,e-,255,-221.743,-101.692,-6.83854,-221.831,-101.711,-6.8414,4.3031,4.30309,DriftGas,msc,1.50497e-05
126734,4,3,e-,256,-221.831,-101.711,-6.8414,-221.929,-101.733,-6.84453,4.30309,4.30289,DriftGas,StepLimiter,0.000197357
126734,4,3,e-,257,-221.929,-101.733,-6.84453,-222.026,-101.754,-6.84765,4.30289,4.30289,DriftGas,StepLimiter,0
126734,4,3,e-,258,-222.026,-101.754,-6.84765,-222.124,-101.776,-6.85078,4.30289,4.30289,DriftGas,StepLimiter,0
126734,4,3,e-,259,-222.124,-101.776,-6.85078,-222.127,-101.776,-6.85087,4.30289,4.30289,DriftGas,msc,5.50502e-07
126734,4,3,e-,260,-222.127,-101.776,-6.85087,-222.224,-101.798,-6.8538,4.30289,4.30289,DriftGas,StepLimiter,0
126734,4,3,e-,261,-222.224,-101.798,-6.8538,-222.322,-101.82,-6.85673,4.30289,4.30289,DriftGas,StepLimiter,0
126734,4,3,e-,262,-222.322,-101.82,-6.85673,-222.419,-101.842,-6.85965,4.30289,4.30289,DriftGas,StepLimiter,0
126734,4,3,e-,263,-222.419,-101.842,-6.85965,-222.517,-101.864,-6.86258,4.30289,4.30289,DriftGas,StepLimiter,0
126734,4,3,e-,264,-222.517,-101.864,-6.86258,-222.614,-101.886,-6.86551,4.30289,4.30283,DriftGas,StepLimiter,5.5402e-05
126734,4,3,e-,265,-222.614,-101.886,-6.86551,-222.693,-101.903,-6.86786,4.30283,4.30283,DriftGas,msc,0
126734,4,3,e-,266,-222.693,-101.903,-6.86786,-222.745,-101.915,-6.86925,4.30283,4.30282,DriftGas,msc,9.68836e-06
126734,4,3,e-,267,-222.745,-101.915,-6.86925,-222.772,-101.921,-6.86994,4.30282,4.30282,DriftGas,msc,5.02851e-06
126734,4,3,e-,268,-222.772,-101.921,-6.86994,-222.87,-101.944,-6.87209,4.30282,4.30282,DriftGas,StepLimiter,0
126734,4,3,e-,269,-222.87,-101.944,-6.87209,-222.967,-101.966,-6.87424,4.30282,4.30282,DriftGas,StepLimiter,0
126734,4,3,e-,270,-222.967,-101.966,-6.87424,-223.065,-101.988,-6.87639,4.30282,4.30282,DriftGas,StepLimiter,0
126734,4,3,e-,271,-223.065,-101.988,-6.87639,-223.139,-102.005,-6.87803,4.30282,4.30282,DriftGas,msc,0
126734,4,3,e-,272,-223.139,-102.005,-6.87803,-223.236,-102.028,-6.88052,4.30282,4.30282,DriftGas,StepLimiter,0
126734,4,3,e-,273,-223.236,-102.028,-6.88052,-223.334,-102.05,-6.883,4.30282,4.30282,DriftGas,StepLimiter,0
126734,4,3,e-,274,-223.334,-102.05,-6.883,-223.431,-102.073,-6.88549,4.30282,4.30282,DriftGas,StepLimiter,0
126734,4,3,e-,275,-223.431,-102.073,-6.88549,-223.528,-102.096,-6.88798,4.30282,4.30282,DriftGas,StepLimiter,0
126734,4,3,e-,276,-223.528,-102.096,-6.88798,-223.626,-102.118,-6.89046,4.30282,4.30282,DriftGas,StepLimiter,0
126734,4,3,e-,277,-223.626,-102.118,-6.89046,-223.723,-102.141,-6.89295,4.30282,4.30282,DriftGas,StepLimiter,0
126734,4,3,e-,278,-223.723,-102.141,-6.89295,-223.821,-102.163,-6.89544,4.30282,4.30282,DriftGas,StepLimiter,0
126734,4,3,e-,279,-223.821,-102.163,-6.89544,-223.918,-102.186,-6.89792,4.30282,4.30282,DriftGas,StepLimiter,0
126734,4,3,e-,280,-223.918,-102.186,-6.89792,-224.015,-102.209,-6.90041,4.30282,4.30282,DriftGas,StepLimiter,0
126734,4,3,e-,281,-224.015,-102.209,-6.90041,-224.113,-102.231,-6.9029,4.30282,4.30282,DriftGas,StepLimiter,0
126734,4,3,e-,282,-224.113,-102.231,-6.9029,-224.21,-102.254,-6.90539,4.30282,4.30282,DriftGas,StepLimiter,0
126734,4,3,e-,283,-224.21,-102.254,-6.90539,-224.308,-102.276,-6.90787,4.30282,4.30282,DriftGas,StepLimiter,0
126734,4,3,e-,284,-224.308,-102.276,-6.90787,-224.405,-102.299,-6.91036,4.30282,4.30282,DriftGas,StepLimiter,0
126734,4,3,e-,285,-224.405,-102.299,-6.91036,-224.502,-102.322,-6.91285,4.30282,4.3028,DriftGas,StepLimiter,2.08787e-05
126734,4,3,e-,286,-224.502,-102.322,-6.91285,-224.6,-102.344,-6.91533,4.3028,4.3028,DriftGas,StepLimiter,0
126734,4,3,e-,287,-224.6,-102.344,-6.91533,-224.697,-102.367,-6.91782,4.3028,4.3028,DriftGas,StepLimiter,0
126734,4,3,e-,288,-224.697,-102.367,-6.91782,-224.794,-102.389,-6.92031,4.3028,4.3028,DriftGas,StepLimiter,0
126734,4,3,e-,289,-224.794,-102.389,-6.92031,-224.892,-102.412,-6.9228,4.3028,4.3028,DriftGas,StepLimiter,0
126734,4,3,e-,290,-224.892,-102.412,-6.9228,-224.921,-102.419,-6.92353,4.3028,4.30279,DriftGas,msc,5.33478e-06
126734,4,3,e-,291,-224.921,-102.419,-6.92353,-225.018,-102.441,-6.92596,4.30279,4.30279,DriftGas,StepLimiter,0
126734,4,3,e-,292,-225.018,-102.441,-6.92596,-225.116,-102.463,-6.92838,4.30279,4.30279,DriftGas,StepLimiter,0
126734,4,3,e-,293,-225.116,-102.463,-6.92838,-225.213,-102.486,-6.9308,4.30279,4.30279,DriftGas,StepLimiter,0
126734,4,3,e-,294,-225.213,-102.486,-6.9308,-225.242,-102.492,-6.93152,4.30279,4.30279,DriftGas,msc,5.34729e-06
126734,4,3,e-,295,-225.242,-102.492,-6.93152,-225.339,-102.514,-6.93316,4.30279,4.30279,DriftGas,StepLimiter,0
126734,4,3,e-,296,-225.339,-102.514,-6.93316,-225.437,-102.536,-6.93481,4.30279,4.30279,DriftGas,StepLimiter,0
126734,4,3,e-,297,-225.437,-102.536,-6.93481,-225.534,-102.558,-6.93645,4.30279,4.30279,DriftGas,StepLimiter,0
126734,4,3,e-,298,-225.534,-102.558,-6.93645,-225.632,-102.581,-6.9381,4.30279,4.30279,DriftGas,StepLimiter,0
126734,4,3,e-,299,-225.632,-102.581,-6.9381,-225.687,-102.593,-6.93903,4.30279,4.30279,DriftGas,msc,0
126734,4,3,e-,300,-225.687,-102.593,-6.93903,-225.785,-102.615,-6.94062,4.30279,4.30266,DriftGas,StepLimiter,0.000130108
126734,4,3,e-,301,-225.785,-102.615,-6.94062,-225.882,-102.637,-6.94221,4.30266,4.30266,DriftGas,StepLimiter,0
126734,4,3,e-,302,-225.882,-102.637,-6.94221,-225.98,-102.659,-6.94379,4.30266,4.30266,DriftGas,StepLimiter,0
126734,4,3,e-,303,-225.98,-102.659,-6.94379,-226.077,-102.681,-6.94538,4.30266,4.30266,DriftGas,StepLimiter,0
126734,4,3,e-,304,-226.077,-102.681,-6.94538,-226.092,-102.685,-6.94562,4.30266,4.30266,DriftGas,msc,2.70148e-06
126734,4,3,e-,305,-226.092,-102.685,-6.94562,-226.19,-102.705,-6.94783,4.30266,4.30266,DriftGas,StepLimiter,0
126734,4,3,e-,306,-226.19,-102.705,-6.94783,-226.288,-102.726,-6.95005,4.30266,4.30266,DriftGas,StepLimiter,0
126734,4,3,e-,307,-226.288,-102.726,-6.95005,-226.385,-102.747,-6.95227,4.30266,4.30257,DriftGas,StepLimiter,8.09643e-05
126734,4,3,e-,308,-226.385,-102.747,-6.95227,-226.483,-102.768,-6.95449,4.30257,4.30256,DriftGas,StepLimiter,1.52012e-05
126734,4,3,e-,309,-226.483,-102.768,-6.95449,-226.581,-102.788,-6.95671,4.30256,4.30256,DriftGas,StepLimiter,0
126734,4,3,e-,310,-226.581,-102.788,-6.95671,-226.679,-102.809,-6.95893,4.30256,4.30256,DriftGas,StepLimiter,0
126734,4,3,e-,311,-226.679,-102.809,-6.95893,-226.777,-102.83,-6.96114,4.30256,4.30256,DriftGas,StepLimiter,0
126734,4,3,e-,312,-226.777,-102.83,-6.96114,-226.875,-102.85,-6.96336,4.30256,4.30256,DriftGas,StepLimiter,0
126734,4,3,e-,313,-226.875,-102.85,-6.96336,-226.972,-102.871,-6.96558,4.30256,4.30229,DriftGas,StepLimiter,0.000264831
126734,4,3,e-,314,-226.972,-102.871,-6.96558,-227.007,-102.878,-6.96636,4.30229,4.30229,DriftGas,msc,6.34508e-06
126734,4,3,e-,315,-227.007,-102.878,-6.96636,-227.105,-102.899,-6.96839,4.30229,4.30217,DriftGas,StepLimiter,0.000117978
126734,4,3,e-,316,-227.105,-102.899,-6.96839,-227.113,-102.901,-6.96856,4.30217,4.30217,DriftGas,msc,1.51378e-06
126734,4,3,e-,317,-227.113,-102.901,-6.96856,-227.211,-102.921,-6.97041,4.30217,4.30217,DriftGas,StepLimiter,0
126734,4,3,e-,318,-227.211,-102.921,-6.97041,-227.309,-102.941,-6.97226,4.30217,4.30217,DriftGas,StepLimiter,0
126734,4,3,e-,319,-227.309,-102.941,-6.97226,-227.406,-102.962,-6.97411,4.30217,4.30217,DriftGas,StepLimiter,0
126734,4,3,e-,320,-227.406,-102.962,-6.97411,-227.504,-102.982,-6.97596,4.30217,4.30217,DriftGas,StepLimiter,0
126734,4,3,e-,321,-227.504,-102.982,-6.97596,-227.602,-103.002,-6.97781,4.30217,4.30217,DriftGas,StepLimiter,0
126734,4,3,e-,322,-227.602,-103.002,-6.97781,-227.7,-103.023,-6.97966,4.30217,4.30217,DriftGas,StepLimiter,0
126734,4,3,e-,323,-227.7,-103.023,-6.97966,-227.798,-103.043,-6.98151,4.30217,4.30217,DriftGas,StepLimiter,0
126734,4,3,e-,324,-227.798,-103.043,-6.98151,-227.896,-103.063,-6.98336,4.30217,4.30216,DriftGas,StepLimiter,6.7007e-06
126734,4,3,e-,325,-227.896,-103.063,-6.98336,-227.994,-103.084,-6.98521,4.30216,4.30216,DriftGas,StepLimiter,0
126734,4,3,e-,326,-227.994,-103.084,-6.98521,-228.065,-103.099,-6.98656,4.30216,4.30216,DriftGas,msc,0
126734,4,3,e-,327,-228.065,-103.099,-6.98656,-228.163,-103.12,-6.98824,4.30216,4.30216,DriftGas,StepLimiter,0
126734,4,3,e-,328,-228.163,-103.12,-6.98824,-228.261,-103.141,-6.98992,4.30216,4.30216,DriftGas,StepLimiter,0
126734,4,3,e-,329,-228.261,-103.141,-6.98992,-228.358,-103.163,-6.99159,4.30216,4.30216,DriftGas,StepLimiter,0
126734,4,3,e-,330,-228.358,-103.163,-6.99159,-228.456,-103.184,-6.99327,4.30216,4.30216,DriftGas,StepLimiter,0
126734,4,3,e-,331,-228.456,-103.184,-6.99327,-228.554,-103.205,-6.99495,4.30216,4.30216,DriftGas,StepLimiter,0
126734,4,3,e-,332,-228.554,-103.205,-6.99495,-228.651,-103.226,-6.99662,4.30216,4.30216,DriftGas,StepLimiter,0
126734,4,3,e-,333,-228.651,-103.226,-6.99662,-228.749,-103.248,-6.9983,4.30216,4.30216,DriftGas,StepLimiter,0
126734,4,3,e-,334,-228.749,-103.248,-6.9983,-228.847,-103.269,-6.99998,4.30216,4.30216,DriftGas,StepLimiter,0
126734,4,3,e-,335,-228.847,-103.269,-6.99998,-228.945,-103.29,-7.00165,4.30216,4.30216,DriftGas,StepLimiter,0
126734,4,3,e-,336,-228.945,-103.29,-7.00165,-229.042,-103.312,-7.00333,4.30216,4.30216,DriftGas,StepLimiter,0
126734,4,3,e-,337,-229.042,-103.312,-7.00333,-229.14,-103.333,-7.00501,4.30216,4.30216,DriftGas,StepLimiter,0
126734,4,3,e-,338,-229.14,-103.333,-7.00501,-229.238,-103.354,-7.00668,4.30216,4.30216,DriftGas,StepLimiter,0
126734,4,3,e-,339,-229.238,-103.354,-7.00668,-229.293,-103.366,-7.00764,4.30216,4.30216,DriftGas,msc,0
126734,4,3,e-,340,-229.293,-103.366,-7.00764,-229.391,-103.388,-7.00932,4.30216,4.30216,DriftGas,StepLimiter,0
126734,4,3,e-,341,-229.391,-103.388,-7.00932,-229.447,-103.4,-7.01029,4.30216,4.30216,DriftGas,msc,0
126734,4,3,e-,342,-229.447,-103.4,-7.01029,-229.544,-103.421,-7.01223,4.30216,4.30216,DriftGas,StepLimiter,0
126734,4,3,e-,343,-229.544,-103.421,-7.01223,-229.642,-103.443,-7.01418,4.30216,4.30216,DriftGas,StepLimiter,0
126734,4,3,e-,344,-229.642,-103.443,-7.01418,-229.736,-103.464,-7.01606,4.30216,4.30216,DriftGas,msc,0
126734,4,3,e-,345,-229.736,-103.464,-7.01606,-229.834,-103.485,-7.0179,4.30216,4.30216,DriftGas,StepLimiter,0
126734,4,3,e-,346,-229.834,-103.485,-7.0179,-229.895,-103.499,-7.01905,4.30216,4.30216,DriftGas,msc,0
126734,4,3,e-,347,-229.895,-103.499,-7.01905,-229.992,-103.52,-7.0205,4.30216,4.30216,DriftGas,StepLimiter,0
126734,4,3,e-,348,-229.992,-103.52,-7.0205,-230.018,-103.525,-7.02088,4.30216,4.30216,DriftGas,msc,4.6879e-06
126734,4,3,e-,349,-230.018,-103.525,-7.02088,-230.112,-103.545,-7.02265,4.30216,4.30216,DriftGas,msc,0
126734,4,3,e-,350,-230.112,-103.545,-7.02265,-230.209,-103.566,-7.02454,4.30216,4.30216,DriftGas,StepLimiter,0
126734,4,3,e-,351,-230.209,-103.566,-7.02454,-230.307,-103.586,-7.02642,4.30216,4.30216,DriftGas,StepLimiter,0
126734,4,3,e-,352,-230.307,-103.586,-7.02642,-230.405,-103.607,-7.02831,4.30216,4.30216,DriftGas,StepLimiter,0
126734,4,3,e-,353,-230.405,-103.607,-7.02831,-230.503,-103.628,-7.03019,4.30216,4.30216,DriftGas,StepLimiter,0
126734,4,3,e-,354,-230.503,-103.628,-7.03019,-230.601,-103.649,-7.03208,4.30216,4.30216,DriftGas,StepLimiter,0
126734,4,3,e-,355,-230.601,-103.649,-7.03208,-230.698,-103.67,-7.03396,4.30216,4.30208,DriftGas,StepLimiter,7.34733e-05
126734,4,3,e-,356,-230.698,-103.67,-7.03396,-230.796,-103.69,-7.03584,4.30208,4.30208,DriftGas,StepLimiter,0
126734,4,3,e-,357,-230.796,-103.69,-7.03584,-230.894,-103.711,-7.03773,4.30208,4.30208,DriftGas,StepLimiter,0
126734,4,3,e-,358,-230.894,-103.711,-7.03773,-230.992,-103.732,-7.03961,4.30208,4.30208,DriftGas,StepLimiter,0
126734,4,3,e-,359,-230.992,-103.732,-7.03961,-231.089,-103.753,-7.0415,4.30208,4.30208,DriftGas,StepLimiter,0
126734,4,3,e-,360,-231.089,-103.753,-7.0415,-231.187,-103.774,-7.04338,4.30208,4.30208,DriftGas,StepLimiter,0
126734,4,3,e-,361,-231.187,-103.774,-7.04338,-231.285,-103.795,-7.04527,4.30208,4.30208,DriftGas,StepLimiter,0
126734,4,3,e-,362,-231.285,-103.795,-7.04527,-231.316,-103.801,-7.04587,4.30208,4.30208,DriftGas,msc,5.74411e-06
126734,4,3,e-,363,-231.316,-103.801,-7.04587,-231.414,-103.822,-7.04726,4.30208,4.30208,DriftGas,StepLimiter,0
126734,4,3,e-,364,-231.414,-103.822,-7.04726,-231.459,-103.831,-7.0479,4.30208,4.30207,DriftGas,msc,8.21386e-06
126734,4,3,e-,365,-231.459,-103.831,-7.0479,-231.557,-103.851,-7.04896,4.30207,4.30207,DriftGas,StepLimiter,0
126734,4,3,e-,366,-231.557,-103.851,-7.04896,-231.655,-103.871,-7.05002,4.30207,4.30194,DriftGas,StepLimiter,0.000128084
126734,4,3,e-,367,-231.655,-103.871,-7.05002,-231.752,-103.892,-7.05109,4.30194,4.30187,DriftGas,StepLimiter,7.5115e-05
126734,4,3,e-,368,-231.752,-103.892,-7.05109,-231.85,-103.912,-7.05215,4.30187,4.30187,DriftGas,StepLimiter,0
126734,4,3,e-,369,-231.85,-103.912,-7.05215,-231.948,-103.932,-7.05321,4.30187,4.30187,DriftGas,StepLimiter,0
126734,4,3,e-,370,-231.948,-103.932,-7.05321,-232.046,-103.952,-7.05427,4.30187,4.30187,DriftGas,StepLimiter,0
126734,4,3,e-,371,-232.046,-103.952,-7.05427,-232.144,-103.972,-7.05534,4.30187,4.30187,DriftGas,StepLimiter,0
126734,4,3,e-,372,-232.144,-103.972,-7.05534,-232.242,-103.992,-7.0564,4.30187,4.3018,DriftGas,StepLimiter,7.07675e-05
126734,4,3,e-,373,-232.242,-103.992,-7.0564,-232.34,-104.012,-7.05746,4.3018,4.3018,DriftGas,StepLimiter,0
126734,4,3,e-,374,-232.34,-104.012,-7.05746,-232.438,-104.032,-7.05852,4.3018,4.3018,DriftGas,StepLimiter,0
126734,4,3,e-,375,-232.438,-104.032,-7.05852,-232.536,-104.053,-7.05959,4.3018,4.3018,DriftGas,StepLimiter,0
126734,4,3,e-,376,-232.536,-104.053,-7.05959,-232.634,-104.073,-7.06065,4.3018,4.3018,DriftGas,StepLimiter,0
126734,4,3,e-,377,-232.634,-104.073,-7.06065,-232.732,-104.093,-7.06171,4.3018,4.3018,DriftGas,StepLimiter,0
126734,4,3,e-,378,-232.732,-104.093,-7.06171,-232.83,-104.113,-7.06277,4.3018,4.3018,DriftGas,StepLimiter,0
126734,4,3,e-,379,-232.83,-104.113,-7.06277,-232.928,-104.133,-7.06384,4.3018,4.3018,DriftGas,StepLimiter,0
126734,4,3,e-,380,-232.928,-104.133,-7.06384,-233.026,-104.153,-7.0649,4.3018,4.3018,DriftGas,StepLimiter,0
126734,4,3,e-,381,-233.026,-104.153,-7.0649,-233.124,-104.173,-7.06596,4.3018,4.3018,DriftGas,StepLimiter,0
126734,4,3,e-,382,-233.124,-104.173,-7.06596,-233.222,-104.193,-7.06702,4.3018,4.3018,DriftGas,StepLimiter,0
126734,4,3,e-,383,-233.222,-104.193,-7.06702,-233.32,-104.214,-7.06809,4.3018,4.3018,DriftGas,StepLimiter,0
126734,4,3,e-,384,-233.32,-104.214,-7.06809,-233.418,-104.234,-7.06915,4.3018,4.30174,DriftGas,StepLimiter,5.596e-05
126734,4,3,e-,385,-233.418,-104.234,-7.06915,-233.516,-104.254,-7.07021,4.30174,4.30174,DriftGas,StepLimiter,0
126734,4,3,e-,386,-233.516,-104.254,-7.07021,-233.524,-104.256,-7.0703,4.30174,4.30174,DriftGas,msc,1.58014e-06
126734,4,3,e-,387,-233.524,-104.256,-7.0703,-233.622,-104.277,-7.06989,4.30174,4.30174,DriftGas,StepLimiter,0
126734,4,3,e-,388,-233.622,-104.277,-7.06989,-233.719,-104.299,-7.06948,4.30174,4.30174,DriftGas,StepLimiter,0
126734,4,3,e-,389,-233.719,-104.299,-7.06948,-233.817,-104.32,-7.06906,4.30174,4.30174,DriftGas,StepLimiter,0
126734,4,3,e-,390,-233.817,-104.32,-7.06906,-233.915,-104.342,-7.06865,4.30174,4.30174,DriftGas,StepLimiter,0
126734,4,3,e-,391,-233.915,-104.342,-7.06865,-233.99,-104.359,-7.06833,4.30174,4.30174,DriftGas,msc,0
126734,4,3,e-,392,-233.99,-104.359,-7.06833,-234.088,-104.38,-7.06809,4.30174,4.30174,DriftGas,StepLimiter,0
126734,4,3,e-,393,-234.088,-104.38,-7.06809,-234.099,-104.382,-7.06806,4.30174,4.30174,DriftGas,Transportation,2.03378e-06
126734,4,3,e-,394,-234.099,-104.382,-7.06806,-234.099,-104.382,-7.06806,4.30174,4.30174,Micromesh,msc,0
126734,4,3,e-,395,-234.099,-104.382,-7.06806,-234.099,-104.382,-7.06806,4.30174,4.30161,Micromesh,msc,0.000121605
126734,4,3,e-,396,-234.099,-104.382,-7.06806,-234.099,-104.382,-7.06806,4.30161,4.3016,Micromesh,msc,9.56919e-06
126734,4,3,e-,397,-234.099,-104.382,-7.06806,-234.1,-104.383,-7.06806,4.3016,4.30153,Micromesh,msc,7.66786e-05
126734,4,3,e-,398,-234.1,-104.383,-7.06806,-234.101,-104.383,-7.06806,4.30153,4.301,Micromesh,msc,0.000525093
126734,4,3,e-,399,-234.101,-104.383,-7.06806,-234.102,-104.383,-7.06807,4.301,4.30016,Micromesh,msc,0.000843536
126734,4,3,e-,400,-234.102,-104.383,-7.06807,-234.105,-104.384,-7.06804,4.30016,4.29825,Micromesh,msc,0.00191157
126734,4,3,e-,401,-234.105,-104.384,-7.06804,-234.111,-104.385,-7.06821,4.29825,4.29218,Micromesh,msc,0.00606641
126734,4,3,e-,402,-234.111,-104.385,-7.06821,-234.122,-104.388,-7.068,4.29218,4.27729,Micromesh,msc,0.0148899
126734,4,3,e-,403,-234.122,-104.388,-7.068,-234.128,-104.389,-7.0642,4.27729,4.27245,Micromesh,msc,0.00484208
126734,4,3,e-,404,-234.128,-104.389,-7.0642,-234.129,-104.389,-7.06361,4.27245,4.27238,Micromesh,msc,6.90083e-05
126734,4,3,e-,405,-234.129,-104.389,-7.06361,-234.129,-104.389,-7.06358,4.27238,4.27238,Micromesh,msc,0
126734,4,3,e-,406,-234.129,-104.389,-7.06358,-234.129,-104.389,-7.06351,4.27238,4.27237,Micromesh,msc,1.12481e-05
126734,4,3,e-,407,-234.129,-104.389,-7.06351,-234.129,-104.389,-7.0635,4.27237,4.27237,Micromesh,Transportation,0
126734,4,3,e-,408,-234.129,-104.389,-7.0635,-234.172,-104.394,-7.03603,4.27237,4.27236,AmpGas,msc,9.20133e-06
126734,4,3,e-,409,-234.172,-104.394,-7.03603,-234.255,-104.405,-6.98214,4.27236,4.27236,AmpGas,StepLimiter,0
126734,4,3,e-,410,-234.255,-104.405,-6.98214,-234.279,-104.408,-6.96684,4.27236,4.27235,AmpGas,Transportation,5.11435e-06
126734,4,3,e-,411,-234.279,-104.408,-6.96684,-234.282,-104.408,-6.96522,4.27235,4.27233,ResistivePaste,msc,2.75072e-05
126734,4,3,e-,412,-234.282,-104.408,-6.96522,-234.283,-104.409,-6.96458,4.27233,4.27215,ResistivePaste,msc,0.000179799
126734,4,3,e-,413,-234.283,-104.409,-6.96458,-234.286,-104.409,-6.96268,4.27215,4.2715,ResistivePaste,msc,0.000652459
126734,4,3,e-,414,-234.286,-104.409,-6.96268,-234.291,-104.41,-6.95921,4.2715,4.27078,ResistivePaste,msc,0.000719092
126734,4,3,e-,415,-234.291,-104.41,-6.95921,-234.301,-104.411,-6.95284,4.27078,4.26926,ResistivePaste,msc,0.00151336
126734,4,3,e-,416,-234.301,-104.411,-6.95284,-234.319,-104.413,-6.94092,4.26926,4.26568,ResistivePaste,msc,0.00358217
126734,4,3,e-,417,-234.319,-104.413,-6.94092,-234.351,-104.418,-6.91886,4.26568,4.26033,ResistivePaste,msc,0.00534734
126734,4,3,e-,418,-234.351,-104.418,-6.91886,-234.373,-104.422,-6.90239,4.26033,4.25581,ResistivePaste,msc,0.0045255
126734,4,3,e-,419,-234.373,-104.422,-6.90239,-234.378,-104.422,-6.89884,4.25581,4.25418,ResistivePaste,msc,0.00162306
126734,4,3,e-,420,-234.378,-104.422,-6.89884,-234.379,-104.422,-6.89799,4.25418,4.25397,ResistivePaste,msc,0.000213163
126734,4,3,e-,421,-234.379,-104.422,-6.89799,-234.379,-104.422,-6.89776,4.25397,4.25397,ResistivePaste,Transportation,6.40356e-06
126734,4,3,e-,422,-234.379,-104.422,-6.89776,-234.381,-104.423,-6.8964,4.25397,4.25353,PCB_Kapton,msc,0.000434321
126734,4,3,e-,423,-234.381,-104.423,-6.8964,-234.382,-104.423,-6.89502,4.25353,4.2529,PCB_Kapton,msc,0.000627317
126734,4,3,e-,424,-234.382,-104.423,-6.89502,-234.385,-104.423,-6.8929,4.2529,4.25242,PCB_Kapton,msc,0.000484338
126734,4,3,e-,425,-234.385,-104.423,-6.8929,-234.389,-104.424,-6.8892,4.25242,4.24975,PCB_Kapton,msc,0.00267048
126734,4,3,e-,426,-234.389,-104.424,-6.8892,-234.397,-104.426,-6.88268,4.24975,4.2476,PCB_Kapton,msc,0.00214793
126734,4,3,e-,427,-234.397,-104.426,-6.88268,-234.411,-104.428,-6.8712,4.2476,4.24601,PCB_Kapton,msc,0.00158614
126734,4,3,e-,428,-234.411,-104.428,-6.8712,-234.425,-104.431,-6.85956,4.24601,4.24216,PCB_Kapton,msc,0.00385816
126734,4,3,e-,429,-234.425,-104.431,-6.85956,-234.428,-104.432,-6.85665,4.24216,4.24168,PCB_Kapton,msc,0.000474085
126734,4,3,e-,430,-234.428,-104.432,-6.85665,-234.428,-104.432,-6.85627,4.24168,4.24157,PCB_Kapton,msc,0.000116672
126734,4,3,e-,431,-234.428,-104.432,-6.85627,-234.429,-104.432,-6.85562,4.24157,4.24149,PCB_Kapton,Transportation,8.00911e-05
126734,4,3,e-,432,-234.429,-104.432,-6.85562,-234.429,-104.432,-6.85554,4.24149,4.24116,PCB_Cu_1,msc,0.000327886
126734,4,3,e-,433,-234.429,-104.432,-6.85554,-234.429,-104.432,-6.85547,4.24116,4.24092,PCB_Cu_1,msc,0.000236044
126734,4,3,e-,434,-234.429,-104.432,-6.85547,-234.429,-104.432,-6.85543,4.24092,4.24092,PCB_Cu_1,msc,0
126734,4,3,e-,435,-234.429,-104.432,-6.85543,-234.43,-104.432,-6.85512,4.24092,4.24047,PCB_Cu_1,msc,0.000447918
126734,4,3,e-,436,-234.43,-104.432,-6.85512,-234.43,-104.432,-6.85476,4.24047,4.24032,PCB_Cu_1,msc,0.000148848
126734,4,3,e-,437,-234.43,-104.432,-6.85476,-234.431,-104.432,-6.85412,4.24032,4.23895,PCB_Cu_1,msc,0.00137717
126734,4,3,e-,438,-234.431,-104.432,-6.85412,-234.432,-104.433,-6.85302,4.23895,4.23743,PCB_Cu_1,msc,0.00152206
126734,4,3,e-,439,-234.432,-104.433,-6.85302,-234.434,-104.433,-6.85108,4.23743,4.23415,PCB_Cu_1,msc,0.00327883
126734,4,3,e-,440,-234.434,-104.433,-6.85108,-234.438,-104.434,-6.84771,4.23415,4.22954,PCB_Cu_1,msc,0.00460329
126734,4,3,e-,441,-234.438,-104.434,-6.84771,-234.443,-104.436,-6.842,4.22954,4.21533,PCB_Cu_1,msc,0.0142135
126734,4,3,e-,442,-234.443,-104.436,-6.842,-234.452,-104.439,-6.83412,4.21533,4.20604,PCB_Cu_1,msc,0.00928709
126734,4,3,e-,443,-234.452,-104.439,-6.83412,-234.454,-104.44,-6.83175,4.20604,4.20334,PCB_Cu_1,msc,0.00270594
126734,4,3,e-,444,-234.454,-104.44,-6.83175,-234.455,-104.44,-6.83103,4.20334,4.20193,PCB_Cu_1,msc,0.00140234
126734,4,3,e-,445,-234.455,-104.44,-6.83103,-234.455,-104.44,-6.83099,4.20193,4.20189,PCB_Cu_1,msc,4.07987e-05
126734,4,3,e-,446,-234.455,-104.44,-6.83099,-234.455,-104.44,-6.83082,4.20189,4.20189,PCB_Cu_1,msc,0
126734,4,3,e-,447,-234.455,-104.44,-6.83082,-234.455,-104.44,-6.83078,4.20189,4.20189,PCB_Cu_1,msc,0
126734,4,3,e-,448,-234.455,-104.44,-6.83078,-234.455,-104.44,-6.83077,4.20189,4.20188,PCB_Cu_1,msc,1.23118e-05
126734,4,3,e-,449,-234.455,-104.44,-6.83077,-234.455,-104.44,-6.83073,4.20188,4.20188,PCB_Cu_1,Transportation,0
126734,4,3,e-,450,-234.455,-104.44,-6.83073,-234.455,-104.44,-6.83051,4.20188,4.2018,PCB_FR4_1,msc,8.42416e-05
126734,4,3,e-,451,-234.455,-104.44,-6.83051,-234.456,-104.441,-6.83012,4.2018,4.20172,PCB_FR4_1,msc,7.34275e-05
126734,4,3,e-,452,-234.456,-104.441,-6.83012,-234.456,-104.441,-6.83005,4.20172,4.20172,PCB_FR4_1,msc,0
126734,4,3,e-,453,-234.456,-104.441,-6.83005,-234.456,-104.441,-6.82999,4.20172,4.20172,PCB_FR4_1,msc,0
126734,4,3,e-,454,-234.456,-104.441,-6.82999,-234.457,-104.441,-6.82926,4.20172,4.20171,PCB_FR4_1,msc,1.36411e-05
126734,4,3,e-,455,-234.457,-104.441,-6.82926,-234.457,-104.441,-6.82898,4.20171,4.20171,PCB_FR4_1,msc,0
126734,4,3,e-,456,-234.457,-104.441,-6.82898,-234.457,-104.441,-6.82883,4.20171,4.20171,PCB_FR4_1,msc,0
126734,4,3,e-,457,-234.457,-104.441,-6.82883,-234.457,-104.441,-6.82865,4.20171,4.20163,PCB_FR4_1,msc,8.49136e-05
126734,4,3,e-,458,-234.457,-104.441,-6.82865,-234.457,-104.441,-6.82863,4.20163,4.20163,PCB_FR4_1,msc,0
126734,4,3,e-,459,-234.457,-104.441,-6.82863,-234.458,-104.441,-6.82802,4.20163,4.2014,PCB_FR4_1,msc,0.000222277
126734,4,3,e-,460,-234.458,-104.441,-6.82802,-234.46,-104.442,-6.8261,4.2014,4.20103,PCB_FR4_1,msc,0.000375421
126734,4,3,e-,461,-234.46,-104.442,-6.8261,-234.463,-104.443,-6.82281,4.20103,4.20019,PCB_FR4_1,msc,0.000839438
126734,4,3,e-,462,-234.463,-104.443,-6.82281,-234.469,-104.445,-6.81715,4.20019,4.1996,PCB_FR4_1,msc,0.000591993
126734,4,3,e-,463,-234.469,-104.445,-6.81715,-234.479,-104.448,-6.80755,4.1996,4.19612,PCB_FR4_1,msc,0.00347575
126734,4,3,e-,464,-234.479,-104.448,-6.80755,-234.495,-104.454,-6.79107,4.19612,4.19036,PCB_FR4_1,msc,0.00575635
126734,4,3,e-,465,-234.495,-104.454,-6.79107,-234.522,-104.465,-6.76359,4.19036,4.18135,PCB_FR4_1,msc,0.00901463
126734,4,3,e-,466,-234.522,-104.465,-6.76359,-234.545,-104.473,-6.74142,4.18135,4.17402,PCB_FR4_1,msc,0.00733425
126734,4,3,e-,467,-234.545,-104.473,-6.74142,-234.552,-104.475,-6.73443,4.17402,4.17217,PCB_FR4_1,msc,0.00184812
126734,4,3,e-,468,-234.552,-104.475,-6.73443,-234.554,-104.476,-6.73224,4.17217,4.17134,PCB_FR4_1,msc,0.000826462
126734,4,3,e-,469,-234.554,-104.476,-6.73224,-234.554,-104.476,-6.73205,4.17134,4.17124,PCB_FR4_1,msc,0.000102029
126734,4,3,e-,470,-234.554,-104.476,-6.73205,-234.555,-104.476,-6.73161,4.17124,4.17117,PCB_FR4_1,msc,7.13238e-05
126734,4,3,e-,471,-234.555,-104.476,-6.73161,-234.555,-104.476,-6.73137,4.17117,4.17108,PCB_FR4_1,msc,8.96782e-05
126734,4,3,e-,472,-234.555,-104.476,-6.73137,-234.555,-104.476,-6.73123,4.17108,4.17107,PCB_FR4_1,Transportation,1.08483e-05
126734,4,3,e-,473,-234.555,-104.476,-6.73123,-234.555,-104.477,-6.73085,4.17107,4.17087,PCB_Cu_2,msc,0.000193534
126734,4,3,e-,474,-234.555,-104.477,-6.73085,-234.556,-104.477,-6.73065,4.17087,4.1706,PCB_Cu_2,msc,0.000274642
126734,4,3,e-,475,-234.556,-104.477,-6.73065,-234.556,-104.477,-6.73024,4.1706,4.17055,PCB_Cu_2,msc,4.75882e-05
126734,4,3,e-,476,-234.556,-104.477,-6.73024,-234.557,-104.477,-6.72956,4.17055,4.16932,PCB_Cu_2,msc,0.00122613
126734,4,3,e-,477,-234.557,-104.477,-6.72956,-234.558,-104.477,-6.72844,4.16932,4.16885,PCB_Cu_2,msc,0.000470659
126734,4,3,e-,478,-234.558,-104.477,-6.72844,-234.56,-104.478,-6.72657,4.16885,4.16729,PCB_Cu_2,msc,0.00156781
126734,4,3,e-,479,-234.56,-104.478,-6.72657,-234.563,-104.479,-6.72334,4.16729,4.16504,PCB_Cu_2,msc,0.0022433
126734,4,3,e-,480,-234.563,-104.479,-6.72334,-234.568,-104.481,-6.71757,4.16504,4.15775,PCB_Cu_2,msc,0.00729527
126734,4,3,e-,481,-234.568,-104.481,-6.71757,-234.577,-104.484,-6.70896,4.15775,4.1493,PCB_Cu_2,msc,0.00844335
126734,4,3,e-,482,-234.577,-104.484,-6.70896,-234.58,-104.485,-6.70608,4.1493,4.14624,PCB_Cu_2,msc,0.0030685
126734,4,3,e-,483,-234.58,-104.485,-6.70608,-234.581,-104.485,-6.70527,4.14624,4.14597,PCB_Cu_2,msc,0.000266203
126734,4,3,e-,484,-234.581,-104.485,-6.70527,-234.581,-104.485,-6.7052,4.14597,4.14597,PCB_Cu_2,msc,0
126734,4,3,e-,485,-234.581,-104.485,-6.7052,-234.581,-104.485,-6.70516,4.14597,4.14595,PCB_Cu_2,msc,1.76921e-05
126734,4,3,e-,486,-234.581,-104.485,-6.70516,-234.581,-104.485,-6.70504,4.14595,4.14588,PCB_Cu_2,msc,6.78401e-05
126734,4,3,e-,487,-234.581,-104.485,-6.70504,-234.581,-104.485,-6.70496,4.14588,4.14588,PCB_Cu_2,msc,0
126734,4,3,e-,488,-234.581,-104.485,-6.70496,-234.581,-104.485,-6.70496,4.14588,4.14588,PCB_Cu_2,msc,9.35663e-07
126734,4,3,e-,489,-234.581,-104.485,-6.70496,-234.581,-104.485,-6.70488,4.14588,4.14588,PCB_Cu_2,Transportation,0
126734,4,3,e-,490,-234.581,-104.485,-6.70488,-234.582,-104.485,-6.70441,4.14588,4.14585,PCB_FR4_2,msc,3.26431e-05
126734,4,3,e-,491,-234.582,-104.485,-6.70441,-234.582,-104.486,-6.70372,4.14585,4.14559,PCB_FR4_2,msc,0.000255768
126734,4,3,e-,492,-234.582,-104.486,-6.70372,-234.582,-104.486,-6.70348,4.14559,4.14556,PCB_FR4_2,msc,3.76272e-05
126734,4,3,e-,493,-234.582,-104.486,-6.70348,-234.583,-104.486,-6.70328,4.14556,4.14544,PCB_FR4_2,msc,0.000121835
126734,4,3,e-,494,-234.583,-104.486,-6.70328,-234.583,-104.486,-6.70297,4.14544,4.14534,PCB_FR4_2,msc,9.32707e-05
126734,4,3,e-,495,-234.583,-104.486,-6.70297,-234.583,-104.486,-6.70295,4.14534,4.14533,PCB_FR4_2,msc,7.79794e-06
126734,4,3,e-,496,-234.583,-104.486,-6.70295,-234.584,-104.487,-6.70181,4.14533,4.14511,PCB_FR4_2,msc,0.000219729
126734,4,3,e-,497,-234.584,-104.487,-6.70181,-234.586,-104.488,-6.69989,4.14511,4.14467,PCB_FR4_2,msc,0.000442171
126734,4,3,e-,498,-234.586,-104.488,-6.69989,-234.589,-104.489,-6.69675,4.14467,4.14417,PCB_FR4_2,msc,0.000503794
126734,4,3,e-,499,-234.589,-104.489,-6.69675,-234.593,-104.492,-6.6916,4.14417,4.143,PCB_FR4_2,msc,0.00116666
126734,4,3,e-,500,-234.593,-104.492,-6.6916,-234.601,-104.496,-6.683,4.143,4.14064,PCB_FR4_2,msc,0.00236171
126734,4,3,e-,501,-234.601,-104.496,-6.683,-234.613,-104.503,-6.66901,4.14064,4.13732,PCB_FR4_2,msc,0.00331594
126734,4,3,e-,502,-234.613,-104.503,-6.66901,-234.632,-104.515,-6.64705,4.13732,4.12637,PCB_FR4_2,msc,0.010958
126734,4,3,e-,503,-234.632,-104.515,-6.64705,-234.662,-104.533,-6.6123,4.12637,4.11667,PCB_FR4_2,msc,0.0097009
126734,4,3,e-,504,-234.662,-104.533,-6.6123,-234.673,-104.54,-6.5985,4.11667,4.11322,PCB_FR4_2,msc,0.00345004
126734,4,3,e-,505,-234.673,-104.54,-6.5985,-234.678,-104.543,-6.59291,4.11322,4.11156,PCB_FR4_2,msc,0.00165083
126734,4,3,e-,506,-234.678,-104.543,-6.59291,-234.68,-104.544,-6.59058,4.11156,4.11127,PCB_FR4_2,msc,0.000298247
126734,4,3,e-,507,-234.68,-104.544,-6.59058,-234.68,-104.545,-6.59007,4.11127,4.11111,PCB_FR4_2,msc,0.000159332
126734,4,3,e-,508,-234.68,-104.545,-6.59007,-234.681,-104.545,-6.58961,4.11111,4.11002,PCB_FR4_2,msc,0.00108213
126734,4,3,e-,509,-234.681,-104.545,-6.58961,-234.681,-104.545,-6.58893,4.11002,4.10988,PCB_FR4_2,Transportation,0.000142397
126734,4,3,e-,510,-234.681,-104.545,-6.58893,-234.681,-104.545,-6.58889,4.10988,4.10988,PCB_Cu_3,msc,0
126734,4,3,e-,511,-234.681,-104.545,-6.58889,-234.681,-104.545,-6.58883,4.10988,4.10987,PCB_Cu_3,msc,1.48612e-05
126734,4,3,e-,512,-234.681,-104.545,-6.58883,-234.682,-104.546,-6.58832,4.10987,4.10955,PCB_Cu_3,msc,0.000319832
126734,4,3,e-,513,-234.682,-104.546,-6.58832,-234.682,-104.546,-6.58797,4.10955,4.10949,PCB_Cu_3,msc,5.49856e-05
126734,4,3,e-,514,-234.682,-104.546,-6.58797,-234.682,-104.546,-6.58741,4.10949,4.10922,PCB_Cu_3,msc,0.000276161
126734,4,3,e-,515,-234.682,-104.546,-6.58741,-234.683,-104.547,-6.58653,4.10922,4.10837,PCB_Cu_3,msc,0.00084548
126734,4,3,e-,516,-234.683,-104.547,-6.58653,-234.684,-104.548,-6.58514,4.10837,4.10646,PCB_Cu_3,msc,0.00191432
126734,4,3,e-,517,-234.684,-104.548,-6.58514,-234.686,-104.549,-6.58302,4.10646,4.10385,PCB_Cu_3,msc,0.00260591
126734,4,3,e-,518,-234.686,-104.549,-6.58302,-234.688,-104.551,-6.57985,4.10385,4.10129,PCB_Cu_3,msc,0.00255719
126734,4,3,e-,519,-234.688,-104.551,-6.57985,-234.692,-104.554,-6.57497,4.10129,4.0947,PCB_Cu_3,msc,0.00659865
126734,4,3,e-,520,-234.692,-104.554,-6.57497,-234.698,-104.558,-6.56736,4.0947,4.08459,PCB_Cu_3,msc,0.0101002
126734,4,3,e-,521,-234.698,-104.558,-6.56736,-234.703,-104.562,-6.56102,4.08459,4.07785,PCB_Cu_3,msc,0.00674126
126734,4,3,e-,522,-234.703,-104.562,-6.56102,-234.705,-104.563,-6.55802,4.07785,4.0733,PCB_Cu_3,msc,0.0045519
126734,4,3,e-,523,-234.705,-104.563,-6.55802,-234.706,-104.564,-6.55651,4.0733,4.07143,PCB_Cu_3,msc,0.00187
126734,4,3,e-,524,-234.706,-104.564,-6.55651,-234.707,-104.565,-6.55575,4.07143,4.07109,PCB_Cu_3,msc,0.000340033
126734,4,3,e-,525,-234.707,-104.565,-6.55575,-234.707,-104.565,-6.55537,4.07109,4.07078,PCB_Cu_3,msc,0.000311202
126734,4,3,e-,526,-234.707,-104.565,-6.55537,-234.707,-104.565,-6.55495,4.07078,4.0703,PCB_Cu_3,Transportation,0.000483178
126734,4,3,e-,527,-234.707,-104.565,-6.55495,-234.708,-104.566,-6.55405,4.0703,4.07002,PCB_FR4_3,msc,0.000274696
126734,4,3,e-,528,-234.708,-104.566,-6.55405,-234.708,-104.566,-6.55373,4.07002,4.06995,PCB_FR4_3,msc,7.36153e-05
126734,4,3,e-,529,-234.708,-104.566,-6.55373,-234.708,-104.566,-6.55361,4.06995,4.06995,PCB_FR4_3,msc,0
126734,4,3,e-,530,-234.708,-104.566,-6.55361,-234.709,-104.567,-6.5524,4.06995,4.06971,PCB_FR4_3,msc,0.000238421
126734,4,3,e-,531,-234.709,-104.567,-6.5524,-234.709,-104.567,-6.55197,4.06971,4.06965,PCB_FR4_3,msc,5.67018e-05
126734,4,3,e-,532,-234.709,-104.567,-6.55197,-234.709,-104.567,-6.55189,4.06965,4.06965,PCB_FR4_3,msc,0
126734,4,3,e-,533,-234.709,-104.567,-6.55189,-234.709,-104.567,-6.55185,4.06965,4.06965,PCB_FR4_3,msc,0
126734,4,3,e-,534,-234.709,-104.567,-6.55185,-234.709,-104.567,-6.55176,4.06965,4.06964,PCB_FR4_3,msc,1.31941e-05
126734,4,3,e-,535,-234.709,-104.567,-6.55176,-234.709,-104.567,-6.55125,4.06964,4.06954,PCB_FR4_3,msc,9.58532e-05
126734,4,3,e-,536,-234.709,-104.567,-6.55125,-234.71,-104.568,-6.5495,4.06954,4.06888,PCB_FR4_3,msc,0.000669273
126734,4,3,e-,537,-234.71,-104.568,-6.5495,-234.712,-104.57,-6.54692,4.06888,4.06856,PCB_FR4_3,msc,0.000320213
126734,4,3,e-,538,-234.712,-104.57,-6.54692,-234.714,-104.572,-6.54314,4.06856,4.06662,PCB_FR4_3,msc,0.00193898
126734,4,3,e-,539,-234.714,-104.572,-6.54314,-234.718,-104.575,-6.53764,4.06662,4.06454,PCB_FR4_3,msc,0.00207581
126734,4,3,e-,540,-234.718,-104.575,-6.53764,-234.722,-104.579,-6.5295,4.06454,4.063,PCB_FR4_3,msc,0.00153866
126734,4,3,e-,541,-234.722,-104.579,-6.5295,-234.729,-104.586,-6.51759,4.063,4.05837,PCB_FR4_3,msc,0.00463593
126734,4,3,e-,542,-234.729,-104.586,-6.51759,-234.74,-104.595,-6.50014,4.05837,4.05273,PCB_FR4_3,msc,0.00563707
126734,4,3,e-,543,-234.74,-104.595,-6.50014,-234.755,-104.608,-6.47444,4.05273,4.04771,PCB_FR4_3,msc,0.00501461
126734,4,3,e-,544,-234.755,-104.608,-6.47444,-234.776,-104.627,-6.43681,4.04771,4.04024,PCB_FR4_3,msc,0.00747444
126734,4,3,e-,545,-234.776,-104.627,-6.43681,-234.79,-104.641,-6.41257,4.04024,4.0335,PCB_FR4_3,msc,0.00674041
126734,4,3,e-,546,-234.79,-104.641,-6.41257,-234.798,-104.648,-6.39966,4.0335,4.02852,PCB_FR4_3,msc,0.00497703
126734,4,3,e-,547,-234.798,-104.648,-6.39966,-234.802,-104.652,-6.39266,4.02852,4.0269,PCB_FR4_3,msc,0.00161983
126734,4,3,e-,548,-234.802,-104.652,-6.39266,-234.804,-104.654,-6.38881,4.0269,4.02647,PCB_FR4_3,msc,0.000437117
126734,4,3,e-,549,-234.804,-104.654,-6.38881,-234.806,-104.655,-6.38668,4.02647,4.02588,PCB_FR4_3,msc,0.000582369
126734,4,3,e-,550,-234.806,-104.655,-6.38668,-234.806,-104.655,-6.38657,4.02588,4.02576,PCB_FR4_3,msc,0.000122516
126734,4,3,e-,551,-234.806,-104.655,-6.38657,-234.806,-104.656,-6.38609,4.02576,4.02576,PCB_FR4_3,msc,0
126734,4,3,e-,552,-234.806,-104.656,-6.38609,-234.807,-104.656,-6.38455,4.02576,4.02489,PCB_FR4_3,msc,0.000874336
126734,4,3,e-,553,-234.807,-104.656,-6.38455,-234.807,-104.657,-6.38452,4.02489,4.02489,PCB_FR4_3,msc,0
126734,4,3,e-,554,-234.807,-104.657,-6.38452,-234.807,-104.657,-6.38444,4.02489,4.02483,PCB_FR4_3,msc,5.14899e-05
126734,4,3,e-,555,-234.807,-104.657,-6.38444,-234.807,-104.657,-6.3843,4.02483,4.0248,PCB_FR4_3,msc,3.25273e-05
126734,4,3,e-,556,-234.807,-104.657,-6.3843,-234.807,-104.657,-6.38426,4.0248,4.0248,PCB_FR4_3,msc,0
126734,4,3,e-,557,-234.807,-104.657,-6.38426,-234.807,-104.657,-6.38402,4.0248,4.0248,PCB_FR4_3,Transportation,0
126734,4,3,e-,558,-234.807,-104.657,-6.38402,-234.807,-104.657,-6.38374,4.0248,4.01286,PCB_Cu_4,msc,0.0119394
126734,4,3,e-,559,-234.807,-104.657,-6.38374,-234.807,-104.657,-6.38366,4.01286,4.01285,PCB_Cu_4,msc,1.64132e-05
126734,4,3,e-,560,-234.807,-104.657,-6.38366,-234.807,-104.657,-6.38355,4.01285,4.01281,PCB_Cu_4,msc,4.0203e-05
126734,4,3,e-,561,-234.807,-104.657,-6.38355,-234.807,-104.657,-6.38354,4.01281,4.0128,PCB_Cu_4,msc,6.63587e-06
126734,4,3,e-,562,-234.807,-104.657,-6.38354,-234.807,-104.657,-6.38348,4.0128,4.0128,PCB_Cu_4,msc,0
126734,4,3,e-,563,-234.807,-104.657,-6.38348,-234.807,-104.657,-6.38346,4.0128,4.0128,PCB_Cu_4,msc,0
126734,4,3,e-,564,-234.807,-104.657,-6.38346,-234.807,-104.657,-6.38339,4.0128,4.01248,PCB_Cu_4,msc,0.000320081
126734,4,3,e-,565,-234.807,-104.657,-6.38339,-234.807,-104.657,-6.38334,4.01248,4.01231,PCB_Cu_4,msc,0.000164625
126734,4,3,e-,566,-234.807,-104.657,-6.38334,-234.808,-104.657,-6.38303,4.01231,4.01219,PCB_Cu_4,msc,0.000127956
126734,4,3,e-,567,-234.808,-104.657,-6.38303,-234.808,-104.658,-6.3826,4.01219,4.01215,PCB_Cu_4,msc,4.17558e-05
126734,4,3,e-,568,-234.808,-104.658,-6.3826,-234.808,-104.658,-6.38198,4.01215,4.01077,PCB_Cu_4,msc,0.00137737
126734,4,3,e-,569,-234.808,-104.658,-6.38198,-234.809,-104.658,-6.38109,4.01077,4.0103,PCB_Cu_4,msc,0.000471951
126734,4,3,e-,570,-234.809,-104.658,-6.38109,-234.809,-104.659,-6.37982,4.0103,4.00916,PCB_Cu_4,msc,0.00113887
126734,4,3,e-,571,-234.809,-104.659,-6.37982,-234.81,-104.66,-6.37797,4.00916,4.00846,PCB_Cu_4,msc,0.000696081
126734,4,3,e-,572,-234.81,-104.66,-6.37797,-234.812,-104.661,-6.37531,4.00846,4.00552,PCB_Cu_4,msc,0.00294013
126734,4,3,e-,573,-234.812,-104.661,-6.37531,-234.814,-104.663,-6.37154,4.00552,4.00233,PCB_Cu_4,msc,0.00319176
126734,4,3,e-,574,-234.814,-104.663,-6.37154,-234.817,-104.666,-6.36621,4.00233,3.99469,PCB_Cu_4,msc,0.00763923
126734,4,3,e-,575,-234.817,-104.666,-6.36621,-234.823,-104.668,-6.35903,3.99469,3.98634,PCB_Cu_4,msc,0.00834529
126734,4,3,e-,576,-234.823,-104.668,-6.35903,-234.83,-104.669,-6.35224,3.98634,3.98127,PCB_Cu_4,msc,0.00507687
126734,4,3,e-,577,-234.83,-104.669,-6.35224,-234.832,-104.67,-6.35026,3.98127,3.97864,PCB_Cu_4,msc,0.00263169
126734,4,3,e-,578,-234.832,-104.67,-6.35026,-234.833,-104.67,-6.34969,3.97864,3.97756,PCB_Cu_4,msc,0.00107342
126734,4,3,e-,579,-234.833,-104.67,-6.34969,-234.833,-104.67,-6.34953,3.97756,3.97679,PCB_Cu_4,msc,0.00076879
126734,4,3,e-,580,-234.833,-104.67,-6.34953,-234.833,-104.67,-6.34946,3.97679,3.97679,PCB_Cu_4,Transportation,0
126734,4,3,e-,581,-234.833,-104.67,-6.34946,-234.833,-104.67,-6.34933,3.97679,3.97679,PCB_FR4_4,msc,0
126734,4,3,e-,582,-234.833,-104.67,-6.34933,-234.834,-104.67,-6.34902,3.97679,3.97671,PCB_FR4_4,msc,7.91665e-05
126734,4,3,e-,583,-234.834,-104.67,-6.34902,-234.834,-104.67,-6.34888,3.97671,3.97671,PCB_FR4_4,msc,0
126734,4,3,e-,584,-234.834,-104.67,-6.34888,-234.835,-104.67,-6.34793,3.97671,3.97654,PCB_FR4_4,msc,0.000173637
126734,4,3,e-,585,-234.835,-104.67,-6.34793,-234.835,-104.67,-6.34765,3.97654,3.97648,PCB_FR4_4,msc,5.59836e-05
126734,4,3,e-,586,-234.835,-104.67,-6.34765,-234.835,-104.67,-6.34744,3.97648,3.97639,PCB_FR4_4,msc,9.94089e-05
126734,4,3,e-,587,-234.835,-104.67,-6.34744,-234.835,-104.67,-6.34736,3.97639,3.97636,PCB_FR4_4,msc,2.45837e-05
126734,4,3,e-,588,-234.835,-104.67,-6.34736,-234.835,-104.67,-6.34729,3.97636,3.97636,PCB_FR4_4,msc,0
126734,4,3,e-,589,-234.835,-104.67,-6.34729,-234.837,-104.671,-6.34574,3.97636,3.97615,PCB_FR4_4,msc,0.000210752
126734,4,3,e-,590,-234.837,-104.671,-6.34574,-234.84,-104.671,-6.34311,3.97615,3.97549,PCB_FR4_4,msc,0.000663694
126734,4,3,e-,591,-234.84,-104.671,-6.34311,-234.845,-104.672,-6.33857,3.97549,3.97464,PCB_FR4_4,msc,0.000843085
126734,4,3,e-,592,-234.845,-104.672,-6.33857,-234.853,-104.674,-6.33083,3.97464,3.97289,PCB_FR4_4,msc,0.00175098
126734,4,3,e-,593,-234.853,-104.674,-6.33083,-234.867,-104.677,-6.3176,3.97289,3.96961,PCB_FR4_4,msc,0.00328401
126734,4,3,e-,594,-234.867,-104.677,-6.3176,-234.893,-104.681,-6.29553,3.96961,3.96073,PCB_FR4_4,msc,0.00888104
126734,4,3,e-,595,-234.893,-104.681,-6.29553,-234.923,-104.685,-6.26897,3.96073,3.95388,PCB_FR4_4,msc,0.0068446
126734,4,3,e-,596,-234.923,-104.685,-6.26897,-234.931,-104.686,-6.26226,3.95388,3.95123,PCB_FR4_4,msc,0.00265057
126734,4,3,e-,597,-234.931,-104.686,-6.26226,-234.932,-104.686,-6.26063,3.95123,3.95029,PCB_FR4_4,msc,0.000942251
126734,4,3,e-,598,-234.932,-104.686,-6.26063,-234.933,-104.686,-6.26014,3.95029,3.95013,PCB_FR4_4,msc,0.000158761
126734,4,3,e-,599,-234.933,-104.686,-6.26014,-234.933,-104.686,-6.2601,3.95013,3.95006,PCB_FR4_4,Transportation,7.21742e-05
126734,4,3,e-,600,-234.933,-104.686,-6.2601,-234.939,-104.687,-6.25507,3.95006,3.94903,PCB_Rohacell,eIoni,0
126734,4,3,e-,601,-234.939,-104.687,-6.25507,-234.965,-104.69,-6.23236,3.94903,3.94789,PCB_Rohacell,msc,0.00113495
126734,4,3,e-,602,-234.965,-104.69,-6.23236,-234.968,-104.69,-6.22956,3.94789,3.94788,PCB_Rohacell,msc,1.48515e-05
126734,4,3,e-,603,-234.968,-104.69,-6.22956,-234.996,-104.693,-6.20591,3.94788,3.9478,PCB_Rohacell,msc,7.65904e-05
126734,4,3,e-,604,-234.996,-104.693,-6.20591,-235.01,-104.694,-6.19344,3.9478,3.94762,PCB_Rohacell,msc,0.00017883
126734,4,3,e-,605,-235.01,-104.694,-6.19344,-235.011,-104.694,-6.19277,3.94762,3.94762,PCB_Rohacell,msc,6.82016e-06
126734,4,3,e-,606,-235.011,-104.694,-6.19277,-235.023,-104.695,-6.1828,3.94762,3.94749,PCB_Rohacell,msc,0.000125722
126734,4,3,e-,607,-235.023,-104.695,-6.1828,-235.09,-104.702,-6.12424,3.94749,3.94628,PCB_Rohacell,msc,0.00120569
126734,4,3,e-,608,-235.09,-104.702,-6.12424,-235.208,-104.713,-6.02138,3.94628,3.9459,PCB_Rohacell,msc,0.000380046
126734,4,3,e-,609,-235.208,-104.713,-6.02138,-235.413,-104.728,-5.83802,3.9459,3.94497,PCB_Rohacell,msc,0.000932055
126734,4,3,e-,610,-235.413,-104.728,-5.83802,-235.769,-104.755,-5.51674,3.94497,3.94176,PCB_Rohacell,msc,0.00321287
126734,4,3,e-,611,-235.769,-104.755,-5.51674,-235.862,-104.761,-5.43322,3.94176,3.93468,PCB_Rohacell,eIoni,0.000605218
126734,4,3,e-,612,-235.862,-104.761,-5.43322,-236.566,-104.816,-4.82857,3.93468,3.92849,PCB_Rohacell,msc,0.0061874
126734,4,3,e-,613,-236.566,-104.816,-4.82857,-236.609,-104.819,-4.79225,3.92849,3.92824,PCB_Rohacell,msc,0.000252629
126734,4,3,e-,614,-236.609,-104.819,-4.79225,-236.62,-104.82,-4.78349,3.92824,3.92805,PCB_Rohacell,msc,0.000187979
126734,4,3,e-,615,-236.62,-104.82,-4.78349,-236.627,-104.821,-4.7779,3.92805,3.92397,PCB_Rohacell,eIoni,0
126734,4,3,e-,616,-236.627,-104.821,-4.7779,-237.925,-104.898,-3.69365,3.92397,3.91408,PCB_Rohacell,msc,0.00989392
126734,4,3,e-,617,-237.925,-104.898,-3.69365,-238.197,-104.917,-3.46683,3.91408,3.90594,PCB_Rohacell,eIoni,0.00203845
126734,4,3,e-,618,-238.197,-104.917,-3.46683,-239.419,-105.036,-2.43132,3.90594,3.89284,PCB_Rohacell,eIoni,0.0108619
126734,4,3,e-,619,-239.419,-105.036,-2.43132,-239.516,-105.045,-2.34773,3.89284,3.88929,PCB_Rohacell,eIoni,0.000366489
126734,4,3,e-,620,-239.516,-105.045,-2.34773,-239.829,-105.074,-2.07355,3.88929,3.88646,PCB_Rohacell,msc,0.00283433
126734,4,3,e-,621,-239.829,-105.074,-2.07355,-239.907,-105.081,-2.00518,3.88646,3.88589,PCB_Rohacell,msc,0.000563598
126734,4,3,e-,622,-239.907,-105.081,-2.00518,-239.933,-105.083,-1.98237,3.88589,3.88589,PCB_Rohacell,Transportation,0
126734,4,3,e-,623,-239.933,-105.083,-1.98237,-239.934,-105.083,-1.98138,3.88589,3.88588,PCB_AlFoil,msc,1.19728e-05
126734,4,3,e-,624,-239.934,-105.083,-1.98138,-239.935,-105.083,-1.9809,3.88588,3.88571,PCB_AlFoil,msc,0.000174987
126734,4,3,e-,625,-239.935,-105.083,-1.9809,-239.936,-105.084,-1.97981,3.88571,3.88552,PCB_AlFoil,msc,0.000188641
126734,4,3,e-,626,-239.936,-105.084,-1.97981,-239.938,-105.084,-1.97788,3.88552,3.88517,PCB_AlFoil,msc,0.000347963
126734,4,3,e-,627,-239.938,-105.084,-1.97788,-239.942,-105.084,-1.97452,3.88517,3.88318,PCB_AlFoil,msc,0.00199176
126734,4,3,e-,628,-239.942,-105.084,-1.97452,-239.949,-105.085,-1.96859,3.88318,3.88061,PCB_AlFoil,msc,0.00257203
126734,4,3,e-,629,-239.949,-105.085,-1.96859,-239.961,-105.085,-1.95863,3.88061,3.87643,PCB_AlFoil,msc,0.00418093
126734,4,3,e-,630,-239.961,-105.085,-1.95863,-239.979,-105.086,-1.94547,3.87643,3.87191,PCB_AlFoil,msc,0.00451913
126734,4,3,e-,631,-239.979,-105.086,-1.94547,-239.982,-105.086,-1.94295,3.87191,3.87062,PCB_AlFoil,msc,0.0012872
126734,4,3,e-,632,-239.982,-105.086,-1.94295,-239.983,-105.086,-1.94239,3.87062,3.87018,PCB_AlFoil,Transportation,0.000441754
126734,4,3,e-,633,-239.983,-105.086,-1.94239,-240.467,-105.094,-1.59954,3.87018,3.87009,World,msc,8.53878e-05
126734,4,3,e-,634,-240.467,-105.094,-1.59954,-240.675,-105.097,-1.45216,3.87009,3.87009,World,msc,0
126734,4,3,e-,635,-240.675,-105.097,-1.45216,-241.845,-105.113,-0.620712,3.87009,3.86998,World,msc,0.000109255
126734,4,3,e-,636,-241.845,-105.113,-0.620712,-241.921,-105.114,-0.566775,3.86998,3.86998,World,msc,0
126734,4,3,e-,637,-241.921,-105.114,-0.566775,-242.099,-105.116,-0.441275,3.86998,3.86985,World,msc,0.000135728
126734,4,3,e-,638,-242.099,-105.116,-0.441275,-247.302,-105.201,3.24882,3.86985,3.86795,World,msc,0.00189861
126734,4,3,e-,639,-247.302,-105.201,3.24882,-253.3,-105.247,7.44273,3.86795,3.86694,World,msc,0.00101279
126734,4,3,e-,640,-253.3,-105.247,7.44273,-264.106,-105.276,15.2227,3.86694,3.86496,World,msc,0.00197177
126734,4,3,e-,641,-264.106,-105.276,15.2227,-283.298,-105.623,29.8337,3.86496,3.86017,World,msc,0.00479803
126734,4,3,e-,642,-283.298,-105.623,29.8337,-317.881,-106.962,55.8778,3.86017,3.85318,World,msc,0.00699092
126734,4,3,e-,643,-317.881,-106.962,55.8778,-327.536,-107.344,63.1912,3.85318,3.85165,World,msc,0.00152987
126734,4,3,e-,644,-327.536,-107.344,63.1912,-328.462,-107.379,63.9122,3.85165,3.85152,World,msc,0.000130554
126734,4,3,e-,645,-328.462,-107.379,63.9122,-328.78,-107.391,64.1609,3.85152,3.85137,World,msc,0.000150112
126734,4,3,e-,646,-328.78,-107.391,64.1609,-329.146,-107.406,64.4473,3.85137,3.85102,World,msc,0.000349804
126734,4,3,e-,647,-329.146,-107.406,64.4473,-329.163,-107.407,64.4607,3.85102,3.85101,World,msc,3.08581e-06
126734,4,3,e-,648,-329.163,-107.407,64.4607,-330,-107.44,65.114,3.85101,3.85092,World,Transportation,9.58161e-05
126734,4,3,e-,649,-330,-107.44,65.114,-330,-107.44,65.114,3.85092,3.85091,PlasticScint,msc,8.80876e-06
126734,4,3,e-,650,-330,-107.44,65.114,-330,-107.44,65.1141,3.85091,3.85091,PlasticScint,msc,0
126734,4,3,e-,651,-330,-107.44,65.1141,-330,-107.44,65.1143,3.85091,3.85091,PlasticScint,msc,0
126734,4,3,e-,652,-330,-107.44,65.1143,-330.001,-107.44,65.1145,3.85091,3.85091,PlasticScint,msc,0
126734,4,3,e-,653,-330.001,-107.44,65.1145,-330.001,-107.44,65.1148,3.85091,3.85091,PlasticScint,msc,0
126734,4,3,e-,654,-330.001,-107.44,65.1148,-330.002,-107.44,65.1154,3.85091,3.85086,PlasticScint,msc,4.97828e-05
126734,4,3,e-,655,-330.002,-107.44,65.1154,-330.002,-107.44,65.1155,3.85086,3.85085,PlasticScint,msc,1.10323e-05
126734,4,3,e-,656,-330.002,-107.44,65.1155,-330.003,-107.44,65.1163,3.85085,3.85073,PlasticScint,msc,0.000114319
126734,4,3,e-,657,-330.003,-107.44,65.1163,-330.005,-107.44,65.1178,3.85073,3.85044,PlasticScint,msc,0.000295659
126734,4,3,e-,658,-330.005,-107.44,65.1178,-330.009,-107.44,65.1208,3.85044,3.85006,PlasticScint,msc,0.000381334
126734,4,3,e-,659,-330.009,-107.44,65.1208,-330.016,-107.441,65.1261,3.85006,3.84957,PlasticScint,msc,0.000487443
126734,4,3,e-,660,-330.016,-107.441,65.1261,-330.028,-107.441,65.1356,3.84957,3.84199,PlasticScint,msc,0.0075766
126734,4,3,e-,661,-330.028,-107.441,65.1356,-330.05,-107.442,65.1524,3.84199,3.8398,PlasticScint,msc,0.00219058
126734,4,3,e-,662,-330.05,-107.442,65.1524,-330.066,-107.443,65.1642,3.8398,3.8187,PlasticScint,eIoni,0.00128216
126734,4,3,e-,663,-330.066,-107.443,65.1642,-330.12,-107.445,65.2025,3.8187,3.81203,PlasticScint,msc,0.00667182
126734,4,3,e-,664,-330.12,-107.445,65.2025,-330.215,-107.452,65.274,3.81203,3.7923,PlasticScint,msc,0.0197271
126734,4,3,e-,665,-330.215,-107.452,65.274,-330.379,-107.457,65.4139,3.7923,3.76805,PlasticScint,msc,0.0242539
126734,4,3,e-,666,-330.379,-107.457,65.4139,-330.675,-107.493,65.6464,3.76805,3.72074,PlasticScint,msc,0.047309
126734,4,3,e-,667,-330.675,-107.493,65.6464,-330.734,-107.512,65.7004,3.72074,3.68032,PlasticScint,eIoni,0.0118311
126734,4,3,e-,668,-330.734,-107.512,65.7004,-330.769,-107.527,65.7341,3.68032,3.60967,PlasticScint,eIoni,0.00694649
126734,4,3,e-,669,-330.769,-107.527,65.7341,-331.318,-107.792,66.2038,3.60967,3.49124,PlasticScint,msc,0.118431
126734,4,3,e-,670,-331.318,-107.792,66.2038,-331.333,-107.8,66.2164,3.49124,3.34297,PlasticScint,eIoni,0.00288933
126734,4,3,e-,671,-331.333,-107.8,66.2164,-331.539,-107.884,66.3729,3.34297,3.29074,PlasticScint,eIoni,0.0374354
126734,4,3,e-,672,-331.539,-107.884,66.3729,-332.644,-108.438,67.151,3.29074,3.08066,PlasticScint,msc,0.210088
126734,4,3,e-,673,-332.644,-108.438,67.151,-332.913,-108.56,67.3492,3.08066,3.03504,PlasticScint,msc,0.0456169
126734,4,3,e-,674,-332.913,-108.56,67.3492,-332.978,-108.586,67.4013,3.03504,3.0256,PlasticScint,msc,0.00944128
126734,4,3,e-,675,-332.978,-108.586,67.4013,-332.994,-108.593,67.4151,3.0256,3.02171,PlasticScint,msc,0.00389091
126734,4,3,e-,676,-332.994,-108.593,67.4151,-332.998,-108.594,67.4188,3.02171,3.02077,PlasticScint,msc,0.000935492
126734,4,3,e-,677,-332.998,-108.594,67.4188,-332.999,-108.594,67.419,3.02077,3.02076,PlasticScint,msc,1.39798e-05
126734,4,3,e-,678,-332.999,-108.594,67.419,-332.999,-108.594,67.419,3.02076,3.02075,PlasticScint,msc,7.89007e-06
126734,4,3,e-,679,-332.999,-108.594,67.419,-332.999,-108.594,67.4193,3.02075,3.02074,PlasticScint,msc,1.16769e-05
126734,4,3,e-,680,-332.999,-108.594,67.4193,-332.999,-108.595,67.4196,3.02074,3.02071,PlasticScint,msc,2.93432e-05
126734,4,3,e-,681,-332.999,-108.595,67.4196,-333,-108.595,67.4197,3.02071,3.02071,PlasticScint,msc,0
126734,4,3,e-,682,-333,-108.595,67.4197,-333,-108.595,67.42,3.02071,3.02066,PlasticScint,msc,5.11899e-05
126734,4,3,e-,683,-333,-108.595,67.42,-333,-108.595,67.4201,3.02066,3.02065,PlasticScint,Transportation,9.01796e-06
126734,4,3,e-,684,-333,-108.595,67.4201,-333.615,-108.825,67.936,3.02065,3.02058,World,msc,6.78169e-05
126734,4,3,e-,685,-333.615,-108.825,67.936,-334.014,-108.974,68.2684,3.02058,3.02053,World,msc,4.93082e-05
126734,4,3,e-,686,-334.014,-108.974,68.2684,-334.257,-109.066,68.4711,3.02053,3.02038,World,msc,0.000152278
126734,4,3,e-,687,-334.257,-109.066,68.4711,-334.75,-109.254,68.8802,3.02038,3.02028,World,msc,9.88527e-05
126734,4,3,e-,688,-334.75,-109.254,68.8802,-334.767,-109.26,68.8946,3.02028,3.02028,World,msc,3.24441e-06
126734,4,3,e-,689,-334.767,-109.26,68.8946,-334.963,-109.335,69.0578,3.02028,3.02026,World,msc,1.62587e-05
126734,4,3,e-,690,-334.963,-109.335,69.0578,-336.198,-109.808,70.0896,3.02026,3.02017,World,msc,8.70167e-05
126734,4,3,e-,691,-336.198,-109.808,70.0896,-336.331,-109.858,70.2,3.02017,3.02017,World,msc,0
126734,4,3,e-,692,-336.331,-109.858,70.2,-336.9,-110.076,70.6747,3.02017,3.02011,World,msc,6.19204e-05
126734,4,3,e-,693,-336.9,-110.076,70.6747,-339.755,-111.17,73.0956,3.02011,3.01973,World,msc,0.00037995
126734,4,3,e-,694,-339.755,-111.17,73.0956,-344.705,-113.074,77.2774,3.01973,3.01914,World,msc,0.000590817
126734,4,3,e-,695,-344.705,-113.074,77.2774,-353.25,-116.529,84.4922,3.01914,3.01811,World,msc,0.00103373
126734,4,3,e-,696,-353.25,-116.529,84.4922,-367.877,-122.981,96.9216,3.01811,3.01588,World,msc,0.00222484
126734,4,3,e-,697,-367.877,-122.981,96.9216,-378.342,-128.271,109.265,3.01588,3.01153,World,eIoni,0.0021314
126734,4,3,e-,698,-378.342,-128.271,109.265,-396.484,-138.231,133.217,3.01153,3.00551,World,msc,0.00602477
126734,4,3,e-,699,-396.484,-138.231,133.217,-399.428,-139.734,137.049,3.00551,2.76667,World,eIoni,0.000651777
126734,4,3,e-,700,-399.428,-139.734,137.049,-406.407,-141.814,144.712,2.76667,2.76565,World,msc,0.00102216
126734,4,3,e-,701,-406.407,-141.814,144.712,-408.761,-142.565,147.32,2.76565,2.7654,World,msc,0.000249531
126734,4,3,e-,702,-408.761,-142.565,147.32,-408.859,-142.596,147.429,2.7654,2.76443,World,msc,0.000961278
126734,4,3,e-,703,-408.859,-142.596,147.429,-409.709,-142.865,148.366,2.76443,2.76424,World,msc,0.000199318
126734,4,3,e-,704,-409.709,-142.865,148.366,-410,-142.958,148.688,2.76424,2.76418,World,Transportation,5.69823e-05
126734,4,3,e-,705,-410,-142.958,148.688,-410,-142.958,148.688,2.76418,2.76408,BackScintTapeR,msc,9.94844e-05
126734,4,3,e-,706,-410,-142.958,148.688,-410,-142.958,148.688,2.76408,2.76407,BackScintTapeR,msc,7.97794e-06
126734,4,3,e-,707,-410,-142.958,148.688,-410.001,-142.958,148.689,2.76407,2.76397,BackScintTapeR,msc,9.61563e-05
126734,4,3,e-,708,-410.001,-142.958,148.689,-410.001,-142.958,148.689,2.76397,2.76395,BackScintTapeR,msc,2.85747e-05
126734,4,3,e-,709,-410.001,-142.958,148.689,-410.002,-142.959,148.69,2.76395,2.76376,BackScintTapeR,msc,0.000189243
126734,4,3,e-,710,-410.002,-142.959,148.69,-410.002,-142.959,148.69,2.76376,2.7634,BackScintTapeR,msc,0.000358612
126734,4,3,e-,711,-410.002,-142.959,148.69,-410.003,-142.959,148.691,2.7634,2.7634,BackScintTapeR,msc,0
126734,4,3,e-,712,-410.003,-142.959,148.691,-410.005,-142.96,148.693,2.7634,2.76284,BackScintTapeR,msc,0.000560038
126734,4,3,e-,713,-410.005,-142.96,148.693,-410.008,-142.96,148.696,2.76284,2.76218,BackScintTapeR,msc,0.000655335
126734,4,3,e-,714,-410.008,-142.96,148.696,-410.014,-142.962,148.702,2.76218,2.76095,BackScintTapeR,msc,0.00123017
126734,4,3,e-,715,-410.014,-142.962,148.702,-410.023,-142.964,148.712,2.76095,2.75959,BackScintTapeR,msc,0.0013634
126734,4,3,e-,716,-410.023,-142.964,148.712,-410.038,-142.968,148.729,2.75959,2.75552,BackScintTapeR,msc,0.00407339
126734,4,3,e-,717,-410.038,-142.968,148.729,-410.063,-142.974,148.756,2.75552,2.7514,BackScintTapeR,msc,0.00411559
126734,4,3,e-,718,-410.063,-142.974,148.756,-410.107,-142.984,148.8,2.7514,2.74334,BackScintTapeR,msc,0.00805765
126734,4,3,e-,719,-410.107,-142.984,148.8,-410.17,-143.002,148.866,2.74334,2.72256,BackScintTapeR,msc,0.0207851
126734,4,3,e-,720,-410.17,-143.002,148.866,-410.191,-143.007,148.887,2.72256,2.70761,BackScintTapeR,msc,0.0149429
126734,4,3,e-,721,-410.191,-143.007,148.887,-410.197,-143.009,148.894,2.70761,2.70602,BackScintTapeR,msc,0.00159773
126734,4,3,e-,722,-410.197,-143.009,148.894,-410.198,-143.009,148.895,2.70602,2.70571,BackScintTapeR,msc,0.000307938
126734,4,3,e-,723,-410.198,-143.009,148.895,-410.199,-143.01,148.895,2.70571,2.7056,BackScintTapeR,msc,0.000107089
126734,4,3,e-,724,-410.199,-143.01,148.895,-410.2,-143.01,148.897,2.7056,2.70462,BackScintTapeR,Transportation,0.000981777
126734,4,3,e-,725,-410.2,-143.01,148.897,-410.2,-143.01,148.897,2.70462,2.7045,BackScintAlR,msc,0.000116421
126734,4,3,e-,726,-410.2,-143.01,148.897,-410.2,-143.01,148.897,2.7045,2.7043,BackScintAlR,msc,0.000207425
126734,4,3,e-,727,-410.2,-143.01,148.897,-410.2,-143.01,148.897,2.7043,2.70425,BackScintAlR,msc,4.86677e-05
126734,4,3,e-,728,-410.2,-143.01,148.897,-410.201,-143.01,148.897,2.70425,2.70423,BackScintAlR,msc,2.1652e-05
126734,4,3,e-,729,-410.201,-143.01,148.897,-410.202,-143.01,148.898,2.70423,2.70419,BackScintAlR,msc,4.12226e-05
126734,4,3,e-,730,-410.202,-143.01,148.898,-410.203,-143.011,148.899,2.70419,2.70348,BackScintAlR,msc,0.000700841
126734,4,3,e-,731,-410.203,-143.011,148.899,-410.204,-143.011,148.901,2.70348,2.70293,BackScintAlR,msc,0.000550436
126734,4,3,e-,732,-410.204,-143.011,148.901,-410.207,-143.013,148.904,2.70293,2.70233,BackScintAlR,msc,0.000599082
126734,4,3,e-,733,-410.207,-143.013,148.904,-410.212,-143.015,148.91,2.70233,2.69973,BackScintAlR,msc,0.00260047
126734,4,3,e-,734,-410.212,-143.015,148.91,-410.217,-143.017,148.915,2.69973,2.69808,BackScintAlR,msc,0.00165902
126734,4,3,e-,735,-410.217,-143.017,148.915,-410.219,-143.017,148.917,2.69808,2.69754,BackScintAlR,msc,0.000535414
126734,4,3,e-,736,-410.219,-143.017,148.917,-410.219,-143.017,148.917,2.69754,2.69754,BackScintAlR,msc,0
126734,4,3,e-,737,-410.219,-143.017,148.917,-410.219,-143.017,148.917,2.69754,2.69754,BackScintAlR,msc,2.90204e-06
126734,4,3,e-,738,-410.219,-143.017,148.917,-410.219,-143.018,148.917,2.69754,2.69741,BackScintAlR,msc,0.000129572
126734,4,3,e-,739,-410.219,-143.018,148.917,-410.22,-143.018,148.918,2.69741,2.69721,BackScintAlR,msc,0.000198709
126734,4,3,e-,740,-410.22,-143.018,148.918,-410.22,-143.018,148.918,2.69721,2.69721,BackScintAlR,Transportation,0
126734,4,3,e-,741,-410.22,-143.018,148.918,-410.22,-143.018,148.918,2.69721,2.6972,BackScintR,msc,4.17819e-06
126734,4,3,e-,742,-410.22,-143.018,148.918,-410.22,-143.018,148.918,2.6972,2.69717,BackScintR,msc,3.01784e-05
126734,4,3,e-,743,-410.22,-143.018,148.918,-410.221,-143.018,148.919,2.69717,2.69711,BackScintR,msc,5.9311e-05
126734,4,3,e-,744,-410.221,-143.018,148.919,-410.222,-143.019,148.921,2.69711,2.69685,BackScintR,msc,0.000268029
126734,4,3,e-,745,-410.222,-143.019,148.921,-410.223,-143.019,148.921,2.69685,2.69683,BackScintR,msc,1.40656e-05
126734,4,3,e-,746,-410.223,-143.019,148.921,-410.223,-143.019,148.921,2.69683,2.69683,BackScintR,msc,1.07689e-06
126734,4,3,e-,747,-410.223,-143.019,148.921,-410.223,-143.019,148.922,2.69683,2.69675,BackScintR,msc,8.17387e-05
126734,4,3,e-,748,-410.223,-143.019,148.922,-410.224,-143.02,148.923,2.69675,2.69671,BackScintR,msc,4.23901e-05
126734,4,3,e-,749,-410.224,-143.02,148.923,-410.227,-143.021,148.926,2.69671,2.69609,BackScintR,msc,0.000617845
126734,4,3,e-,750,-410.227,-143.021,148.926,-410.232,-143.023,148.931,2.69609,2.69389,BackScintR,msc,0.00219937
126734,4,3,e-,751,-410.232,-143.023,148.931,-410.24,-143.026,148.939,2.69389,2.69259,BackScintR,msc,0.00130147
126734,4,3,e-,752,-410.24,-143.026,148.939,-410.252,-143.032,148.952,2.69259,2.68719,BackScintR,msc,0.00539542
126734,4,3,e-,753,-410.252,-143.032,148.952,-410.273,-143.043,148.975,2.68719,2.6844,BackScintR,msc,0.00279338
126734,4,3,e-,754,-410.273,-143.043,148.975,-410.308,-143.059,149.012,2.6844,2.6786,BackScintR,msc,0.00580457
126734,4,3,e-,755,-410.308,-143.059,149.012,-410.363,-143.088,149.073,2.6786,2.66522,BackScintR,msc,0.0133739
126734,4,3,e-,756,-410.363,-143.088,149.073,-410.393,-143.104,149.108,2.66522,2.62222,BackScintR,eIoni,0.00470534
126734,4,3,e-,757,-410.393,-143.104,149.108,-410.496,-143.176,149.226,2.62222,2.60129,BackScintR,msc,0.0209232
126734,4,3,e-,758,-410.496,-143.176,149.226,-410.637,-143.273,149.398,2.60129,2.52707,BackScintR,eIoni,0.0334302
126734,4,3,e-,759,-410.637,-143.273,149.398,-410.833,-143.473,149.705,2.52707,2.45262,BackScintR,msc,0.0744487
126734,4,3,e-,760,-410.833,-143.473,149.705,-411.047,-143.681,150.238,2.45262,2.3524,BackScintR,msc,0.100218
126734,4,3,e-,761,-411.047,-143.681,150.238,-411.302,-144.008,150.952,2.3524,2.2363,BackScintR,msc,0.116107
126734,4,3,e-,762,-411.302,-144.008,150.952,-411.599,-144.401,151.902,2.2363,2.0967,BackScintR,msc,0.1396
126734,4,3,e-,763,-411.599,-144.401,151.902,-411.589,-144.483,152.29,2.0967,1.99147,BackScintR,eIoni,0.066209
126734,4,3,e-,764,-411.589,-144.483,152.29,-411.629,-144.604,153.024,1.99147,1.83551,BackScintR,eIoni,0.131279
126734,4,3,e-,765,-411.629,-144.604,153.024,-411.678,-144.613,153.554,1.83551,1.73238,BackScintR,eIoni,0.0813177
126734,4,3,e-,766,-411.678,-144.613,153.554,-411.845,-144.809,154.311,1.73238,1.62562,BackScintR,msc,0.106759
126734,4,3,e-,767,-411.845,-144.809,154.311,-411.924,-144.86,155.032,1.62562,1.51894,BackScintR,msc,0.10668
126734,4,3,e-,768,-411.924,-144.86,155.032,-411.759,-144.8,155.519,1.51894,1.36428,BackScintR,eIoni,0.058268
126734,4,3,e-,769,-411.759,-144.8,155.519,-411.672,-144.598,156.074,1.36428,1.27825,BackScintR,msc,0.0860242
126734,4,3,e-,770,-411.672,-144.598,156.074,-411.668,-144.344,156.563,1.27825,1.19137,BackScintR,msc,0.0868808
126734,4,3,e-,771,-411.668,-144.344,156.563,-411.654,-144.248,156.828,1.19137,1.0921,BackScintR,eIoni,0.0426199
126734,4,3,e-,772,-411.654,-144.248,156.828,-411.579,-144.135,157.259,1.0921,0.978524,BackScintR,msc,0.113571
126734,4,3,e-,773,-411.579,-144.135,157.259,-411.557,-144.079,157.646,0.978524,0.907998,BackScintR,msc,0.0705262
126734,4,3,e-,774,-411.557,-144.079,157.646,-411.633,-144.049,157.988,0.907998,0.83281,BackScintR,msc,0.0751882
126734,4,3,e-,775,-411.633,-144.049,157.988,-411.774,-144.028,158.272,0.83281,0.77736,BackScintR,msc,0.05545
126734,4,3,e-,776,-411.774,-144.028,158.272,-411.818,-144.006,158.549,0.77736,0.734591,BackScintR,msc,0.0427687
126734,4,3,e-,777,-411.818,-144.006,158.549,-411.791,-143.86,158.772,0.734591,0.684839,BackScintR,msc,0.049752
126734,4,3,e-,778,-411.791,-143.86,158.772,-411.832,-143.73,158.919,0.684839,0.473014,BackScintR,eIoni,0.0295595
126734,4,3,e-,779,-411.832,-143.73,158.919,-411.894,-143.643,159.012,0.473014,0.44457,BackScintR,msc,0.028444
126734,4,3,e-,780,-411.894,-143.643,159.012,-411.96,-143.575,159.102,0.44457,0.424983,BackScintR,msc,0.0195875
126734,4,3,e-,781,-411.96,-143.575,159.102,-412.017,-143.537,159.204,0.424983,0.406329,BackScintR,msc,0.0186537
126734,4,3,e-,782,-412.017,-143.537,159.204,-412.062,-143.463,159.274,0.406329,0.382574,BackScintR,msc,0.0237546
126734,4,3,e-,783,-412.062,-143.463,159.274,-412.178,-143.399,159.49,0.382574,0.312042,BackScintR,eIoni,0.0705327
126734,4,3,e-,784,-412.178,-143.399,159.49,-412.286,-143.261,159.56,0.312042,0.27585,BackScintR,eIoni,0.0361916
126734,4,3,e-,785,-412.286,-143.261,159.56,-412.345,-143.146,159.65,0.27585,0.239501,BackScintR,eIoni,0.0363486
126734,4,3,e-,786,-412.345,-143.146,159.65,-412.279,-143.058,159.716,0.239501,0.195422,BackScintR,eIoni,0.0440791
126734,4,3,e-,787,-412.279,-143.058,159.716,-412.275,-143,159.791,0.195422,0.170098,BackScintR,eIoni,0.0253245
126734,4,3,e-,788,-412.275,-143,159.791,-412.308,-142.929,159.794,0.170098,0.140935,BackScintR,eIoni,0.0291626
126734,4,3,e-,789,-412.308,-142.929,159.794,-412.349,-142.894,159.783,0.140935,0.0887283,BackScintR,eIoni,0.0168541
126734,4,3,e-,790,-412.349,-142.894,159.783,-412.376,-142.906,159.768,0.0887283,0.0756444,BackScintR,eIoni,0.0130839
126734,4,3,e-,791,-412.376,-142.906,159.768,-412.397,-142.911,159.752,0.0756444,0.054058,BackScintR,eIoni,0.0215864
126734,4,3,e-,792,-412.397,-142.911,159.752,-412.41,-142.898,159.756,0.054058,0.0383335,BackScintR,eIoni,0.0157244
126734,4,3,e-,793,-412.41,-142.898,159.756,-412.42,-142.902,159.75,0.0383335,0.0165388,BackScintR,eIoni,0.0217947
126734,4,3,e-,794,-412.42,-142.902,159.75,-412.423,-142.901,159.749,0.0165388,0,BackScintR,eIoni,0.0165388
126734,48,4,e-,1,-412.349,-142.894,159.783,-412.35,-142.892,159.783,0.0353529,0.0310181,BackScintR,msc,0.00433472
126734,48,4,e-,2,-412.35,-142.892,159.783,-412.356,-142.886,159.787,0.0310181,0.00926379,BackScintR,eIoni,0.0217544
126734,48,4,e-,3,-412.356,-142.886,159.787,-412.356,-142.887,159.787,0.00926379,0,BackScintR,eIoni,0.00926379
126734,47,4,e-,1,-411.832,-143.73,158.919,-411.854,-143.74,158.941,0.182266,0.171033,BackScintR,msc,0.011233
126734,47,4,e-,2,-411.854,-143.74,158.941,-411.899,-143.771,158.998,0.171033,0.148233,BackScintR,eIoni,0.0227996
126734,47,4,e-,3,-411.899,-143.771,158.998,-411.912,-143.814,159.044,0.148233,0.130262,BackScintR,eIoni,0.0179716
126734,47,4,e-,4,-411.912,-143.814,159.044,-411.933,-143.832,159.091,0.130262,0.0973949,BackScintR,eIoni,0.0328667
126734,47,4,e-,5,-411.933,-143.832,159.091,-411.967,-143.843,159.099,0.0973949,0.0800559,BackScintR,eIoni,0.0173391
126734,47,4,e-,6,-411.967,-143.843,159.099,-411.968,-143.852,159.071,0.0800559,0.0581319,BackScintR,eIoni,0.0219239
126734,47,4,e-,7,-411.968,-143.852,159.071,-411.956,-143.859,159.056,0.0581319,0.0426876,BackScintR,eIoni,0.0154443
126734,47,4,e-,8,-411.956,-143.859,159.056,-411.944,-143.854,159.051,0.0426876,0.0254241,BackScintR,eIoni,0.0172636
126734,47,4,e-,9,-411.944,-143.854,159.051,-411.938,-143.852,159.054,0.0254241,0.00554417,BackScintR,eIoni,0.0198799
126734,47,4,e-,10,-411.938,-143.852,159.054,-411.938,-143.852,159.054,0.00554417,0,BackScintR,eIoni,0.00554417
126734,46,4,e-,1,-411.654,-144.248,156.828,-411.651,-144.244,156.828,0.0566563,0.0547153,BackScintR,msc,0.00194108
126734,46,4,e-,2,-411.651,-144.244,156.828,-411.64,-144.229,156.825,0.0547153,0.0414259,BackScintR,eIoni,0.0132894
126734,46,4,e-,3,-411.64,-144.229,156.825,-411.627,-144.23,156.83,0.0414259,0.0266043,BackScintR,eIoni,0.0148216
126734,46,4,e-,4,-411.627,-144.23,156.83,-411.625,-144.23,156.823,0.0266043,0.00585171,BackScintR,eIoni,0.0207526
126734,46,4,e-,5,-411.625,-144.23,156.823,-411.625,-144.23,156.823,0.00585171,0,BackScintR,eIoni,0.00585171
126734,45,4,e-,1,-411.759,-144.8,155.519,-411.748,-144.803,155.519,0.0963995,0.091689,BackScintR,msc,0.00471052
126734,45,4,e-,2,-411.748,-144.803,155.519,-411.715,-144.812,155.516,0.091689,0.073852,BackScintR,eIoni,0.017837
126734,45,4,e-,3,-411.715,-144.812,155.516,-411.69,-144.813,155.51,0.073852,0.0585946,BackScintR,eIoni,0.0152573
126734,45,4,e-,4,-411.69,-144.813,155.51,-411.669,-144.812,155.508,0.0585946,0.042311,BackScintR,eIoni,0.0162836
126734,45,4,e-,5,-411.669,-144.812,155.508,-411.656,-144.814,155.505,0.042311,0.0208603,BackScintR,eIoni,0.0214507
126734,45,4,e-,6,-411.656,-144.814,155.505,-411.652,-144.815,155.507,0.0208603,0,BackScintR,eIoni,0.0208603
126734,44,4,e-,1,-411.678,-144.613,153.554,-411.678,-144.612,153.554,0.0218132,0.0212124,BackScintR,msc,0.000600738
126734,44,4,e-,2,-411.678,-144.612,153.554,-411.676,-144.609,153.556,0.0212124,0,BackScintR,eIoni,0.0212124
126734,43,4,e-,1,-411.629,-144.604,153.024,-411.628,-144.605,153.024,0.0246794,0.0241094,BackScintR,msc,0.000569985
126734,43,4,e-,2,-411.628,-144.605,153.024,-411.625,-144.61,153.024,0.0241094,0.00875159,BackScintR,eIoni,0.0153578
126734,43,4,e-,3,-411.625,-144.61,153.024,-411.626,-144.61,153.025,0.00875159,0,BackScintR,eIoni,0.00875159
126734,42,4,e-,1,-411.589,-144.483,152.29,-411.59,-144.485,152.29,0.0390139,0.0385769,BackScintR,msc,0.000437003
126734,42,4,e-,2,-411.59,-144.485,152.29,-411.591,-144.498,152.291,0.0385769,0.0233458,BackScintR,eIoni,0.0152311
126734,42,4,e-,3,-411.591,-144.498,152.291,-411.595,-144.495,152.294,0.0233458,0,BackScintR,eIoni,0.0233458
126734,41,4,e-,1,-410.637,-143.273,149.398,-410.638,-143.274,149.397,0.0407935,0.0392427,BackScintR,msc,0.00155075
126734,41,4,e-,2,-410.638,-143.274,149.397,-410.649,-143.278,149.391,0.0392427,0.0157316,BackScintR,eIoni,0.0235111
126734,41,4,e-,3,-410.649,-143.278,149.391,-410.651,-143.28,149.391,0.0157316,0,BackScintR,eIoni,0.0157316
126734,40,4,e-,1,-410.393,-143.104,149.108,-410.395,-143.104,149.107,0.0382995,0.0358656,BackScintR,msc,0.00243387
126734,40,4,e-,2,-410.395,-143.104,149.107,-410.404,-143.104,149.1,0.0358656,0.0144223,BackScintR,eIoni,0.0214433
126734,40,4,e-,3,-410.404,-143.104,149.1,-410.405,-143.103,149.098,0.0144223,0,BackScintR,eIoni,0.0144223
126734,39,4,e-,1,-399.428,-139.734,137.049,-399.594,-149.058,141.796,0.238188,0.236572,World,msc,0.00161623
126734,39,4,e-,2,-399.594,-149.058,141.796,-400.561,-158.359,146.354,0.236572,0.233696,World,msc,0.00287578
126734,39,4,e-,3,-400.561,-158.359,146.354,-402.248,-167.216,148.407,0.233696,0.232214,World,msc,0.00148236
126734,39,4,e-,4,-402.248,-167.216,148.407,-410.839,-181.775,146.676,0.232214,0.227922,World,msc,0.00429142
126734,39,4,e-,5,-410.839,-181.775,146.676,-414.646,-187.134,145.637,0.227922,0.183902,World,eIoni,0.0009783
126734,39,4,e-,6,-414.646,-187.134,145.637,-415.37,-188.229,144.8,0.183902,0.182377,World,eIoni,9.86177e-05
126734,39,4,e-,7,-415.37,-188.229,144.8,-425.161,-202.781,139.225,0.182377,0.176095,World,eIoni,0.00509481
126734,39,4,e-,8,-425.161,-202.781,139.225,-432.545,-211.042,135.701,0.176095,0.171137,World,eIoni,0.00362857
126734,39,4,e-,9,-432.545,-211.042,135.701,-453.633,-230.725,121.316,0.171137,0.162826,World,msc,0.0083116
126734,39,4,e-,10,-453.633,-230.725,121.316,-464.073,-230.299,111.691,0.162826,0.156702,World,msc,0.00612386
126734,39,4,e-,11,-464.073,-230.299,111.691,-464.142,-230.29,111.63,0.156702,0.156603,World,msc,9.91909e-05
126734,39,4,e-,12,-464.142,-230.29,111.63,-464.183,-230.284,111.595,0.156603,0.156559,World,msc,4.40748e-05
126734,39,4,e-,13,-464.183,-230.284,111.595,-464.816,-230.219,111.026,0.156559,0.140582,World,eIoni,0.000235098
126734,39,4,e-,14,-464.816,-230.219,111.026,-467.769,-230.204,105.997,0.140582,0.139212,World,msc,0.00137042
126734,39,4,e-,15,-467.769,-230.204,105.997,-470.736,-230.355,101.74,0.139212,0.138827,World,msc,0.000384635
126734,39,4,e-,16,-470.736,-230.355,101.74,-473.663,-230.911,97.3303,0.138827,0.137177,World,msc,0.00165005
126734,39,4,e-,17,-473.663,-230.911,97.3303,-476.109,-232.268,92.2467,0.137177,0.136518,World,msc,0.000659349
126734,39,4,e-,18,-476.109,-232.268,92.2467,-478.349,-235.961,86.4446,0.136518,0.135288,World,msc,0.00122987
126734,39,4,e-,19,-478.349,-235.961,86.4446,-479.47,-240.171,82.5849,0.135288,0.120603,World,eIoni,0.000695879
126734,39,4,e-,20,-479.47,-240.171,82.5849,-477.868,-253.257,75.1544,0.120603,0.115248,World,msc,0.00535507
126734,39,4,e-,21,-477.868,-253.257,75.1544,-473.773,-268.537,66.0317,0.115248,0.111375,World,msc,0.0038735
126734,39,4,e-,22,-473.773,-268.537,66.0317,-472.165,-273.051,62.7764,0.111375,0.107158,World,eIoni,0.00205561
126734,39,4,e-,23,-472.165,-273.051,62.7764,-472.36,-282.359,50.1835,0.107158,0.100986,World,msc,0.00617178
126734,39,4,e-,24,-472.36,-282.359,50.1835,-477.819,-287.055,37.5658,0.100986,0.0980916,World,msc,0.00289456
126734,39,4,e-,25,-477.819,-287.055,37.5658,-480.144,-287.561,33.3838,0.0980916,0.0956309,World,eIoni,0.00141287
126734,39,4,e-,26,-480.144,-287.561,33.3838,-484.713,-290.846,21.4769,0.0956309,0.0896941,World,msc,0.00593683
126734,39,4,e-,27,-484.713,-290.846,21.4769,-486.575,-292.619,16.2144,0.0896941,0.0819156,World,eIoni,0.00214832
126734,39,4,e-,28,-486.575,-292.619,16.2144,-493.426,-297.127,10.5296,0.0819156,0.0779457,World,msc,0.00396991
126734,39,4,e-,29,-493.426,-297.127,10.5296,-499.929,-302.161,6.42376,0.0779457,0.0756379,World,msc,0.00230784
126734,39,4,e-,30,-499.929,-302.161,6.42376,-505.977,-305.661,1.33667,0.0756379,0.0719509,World,msc,0.00368699
126734,39,4,e-,31,-505.977,-305.661,1.33667,-512.606,-309.555,-0.464326,0.0719509,0.0687868,World,msc,0.00316411
126734,39,4,e-,32,-512.606,-309.555,-0.464326,-518.91,-313.248,-0.117784,0.0687868,0.0656552,World,msc,0.00313156
126734,39,4,e-,33,-518.91,-313.248,-0.117784,-524.487,-316.809,0.299131,0.0656552,0.0624442,World,msc,0.00321096
126734,39,4,e-,34,-524.487,-316.809,0.299131,-529.133,-319.208,3.61259,0.0624442,0.0604497,World,msc,0.00199455
126734,39,4,e-,35,-529.133,-319.208,3.61259,-533.501,-321.479,6.75705,0.0604497,0.0574061,World,msc,0.00304354
126734,39,4,e-,36,-533.501,-321.479,6.75705,-537.949,-323.593,8.10954,0.0574061,0.0530471,World,msc,0.00435902
126734,39,4,e-,37,-537.949,-323.593,8.10954,-540.08,-327.572,8.9327,0.0530471,0.0515385,World,msc,0.00150864
126734,39,4,e-,38,-540.08,-327.572,8.9327,-541.791,-330.82,9.21324,0.0515385,0.0491172,World,eIoni,0.000823922
126734,39,4,e-,39,-541.791,-330.82,9.21324,-544.337,-333.848,8.54017,0.0491172,0.047597,World,msc,0.00152021
126734,39,4,e-,40,-544.337,-333.848,8.54017,-546.662,-336.805,8.37932,0.047597,0.0453532,World,msc,0.00224378
126734,39,4,e-,41,-546.662,-336.805,8.37932,-547.119,-337.584,8.47695,0.0453532,0.0434441,World,eIoni,0.000522245
126734,39,4,e-,42,-547.119,-337.584,8.47695,-548.879,-340.163,8.3337,0.0434441,0.0412481,World,msc,0.00219605
126734,39,4,e-,43,-548.879,-340.163,8.3337,-550.682,-341.449,7.60856,0.0412481,0.0373881,World,eIoni,0.00336606
126734,39,4,e-,44,-550.682,-341.449,7.60856,-552.747,-342.437,6.96117,0.0373881,0.0345655,World,msc,0.00282258
126734,39,4,e-,45,-552.747,-342.437,6.96117,-553.006,-342.486,6.9317,0.0345655,0.0329023,World,eIoni,0.000154296
126734,39,4,e-,46,-553.006,-342.486,6.9317,-553.031,-342.489,6.92351,0.0329023,0.0329023,World,msc,0
126734,39,4,e-,47,-553.031,-342.489,6.92351,-553.175,-342.498,6.87618,0.0329023,0.0315914,World,eIoni,0.00025415
126734,39,4,e-,48,-553.175,-342.498,6.87618,-554.944,-342.595,6.62925,0.0315914,0.0295664,World,msc,0.002025
126734,39,4,e-,49,-554.944,-342.595,6.62925,-556.449,-342.981,6.3195,0.0295664,0.0286281,World,msc,0.000938319
126734,39,4,e-,50,-556.449,-342.981,6.3195,-557.804,-343.602,6.28824,0.0286281,0.0280258,World,msc,0.000602233
126734,39,4,e-,51,-557.804,-343.602,6.28824,-558.948,-343.821,6.276,0.0280258,0.0268681,World,msc,0.00115775
126734,39,4,e-,52,-558.948,-343.821,6.276,-558.646,-342.639,5.98456,0.0268681,0.026065,World,msc,0.000803121
126734,39,4,e-,53,-558.646,-342.639,5.98456,-558.22,-341.541,5.53997,0.026065,0.0248203,World,msc,0.00124464
126734,39,4,e-,54,-558.22,-341.541,5.53997,-557.783,-340.593,5.08028,0.0248203,0.0231748,World,msc,0.0016455
126734,39,4,e-,55,-557.783,-340.593,5.08028,-557.394,-339.947,4.41747,0.0231748,0.0225825,World,msc,0.000592274
126734,39,4,e-,56,-557.394,-339.947,4.41747,-557.174,-339.511,3.58657,0.0225825,0.0212598,World,msc,0.00132276
126734,39,4,e-,57,-557.174,-339.511,3.58657,-557.011,-339.225,2.88582,0.0212598,0.0210415,World,msc,0.000218237
126734,39,4,e-,58,-557.011,-339.225,2.88582,-556.812,-339.861,2.37986,0.0210415,0.0203256,World,msc,0.000715931
126734,39,4,e-,59,-556.812,-339.861,2.37986,-556.283,-339.696,1.88524,0.0203256,0.0196243,World,msc,0.000701296
126734,39,4,e-,60,-556.283,-339.696,1.88524,-555.77,-339.541,1.36486,0.0196243,0.0186457,World,msc,0.00097864
126734,39,4,e-,61,-555.77,-339.541,1.36486,-555.273,-339.423,0.920028,0.0186457,0.0171753,World,msc,0.00147042
126734,39,4,e-,62,-555.273,-339.423,0.920028,-554.874,-339.237,0.545183,0.0171753,0.0155581,World,eIoni,0.000259241
126734,39,4,e-,63,-554.874,-339.237,0.545183,-554.547,-338.971,0.308559,0.0155581,0.0152983,World,msc,0.000259784
126734,39,4,e-,64,-554.547,-338.971,0.308559,-554.19,-338.928,0.0184432,0.0152983,0.0149775,World,msc,0.000320848
126734,39,4,e-,65,-554.19,-338.928,0.0184432,-553.855,-338.877,-0.270996,0.0149775,0.0140339,World,msc,0.000943578
126734,39,4,e-,66,-553.855,-338.877,-0.270996,-553.117,-339.064,-0.716299,0.0140339,0.0123712,World,eIoni,0.00166271
126734,39,4,e-,67,-553.117,-339.064,-0.716299,-552.825,-339.626,-0.412467,0.0123712,0.0111417,World,eIoni,0.00122951
126734,39,4,e-,68,-552.825,-339.626,-0.412467,-552.417,-339.971,-0.182549,0.0111417,0.0104935,World,eIoni,0.000648193
126734,39,4,e-,69,-552.417,-339.971,-0.182549,-552.581,-340.401,0.0659626,0.0104935,0.0081157,World,eIoni,0.0023778
126734,39,4,e-,70,-552.581,-340.401,0.0659626,-552.748,-340.674,0.148776,0.0081157,0.00669488,World,eIoni,0.00142082
126734,39,4,e-,71,-552.748,-340.674,0.148776,-552.882,-340.869,0.13157,0.00669488,0.00612348,World,eIoni,0.000571403
126734,39,4,e-,72,-552.882,-340.869,0.13157,-552.993,-341.014,0.0428773,0.00612348,0.00549272,World,eIoni,0.000630754
126734,39,4,e-,73,-552.993,-341.014,0.0428773,-553.156,-341.056,0.0206427,0.00549272,0.00517728,World,eIoni,0.000315442
126734,39,4,e-,74,-553.156,-341.056,0.0206427,-553.25,-341.176,0.0196212,0.00517728,0.0048855,World,eIoni,0.000291781
126734,39,4,e-,75,-553.25,-341.176,0.0196212,-553.217,-341.06,-0.0495011,0.0048855,0.00445324,World,eIoni,0.000432257
126734,39,4,e-,76,-553.217,-341.06,-0.0495011,-553.206,-340.95,-0.0951555,0.00445324,0.00424183,World,eIoni,0.000211416
126734,39,4,e-,77,-553.206,-340.95,-0.0951555,-553.188,-340.94,-0.20379,0.00424183,0.00406234,World,eIoni,0.000179486
126734,39,4,e-,78,-553.188,-340.94,-0.20379,-553.11,-340.944,-0.271664,0.00406234,0.00265293,World,eIoni,0.00140941
126734,39,4,e-,79,-553.11,-340.944,-0.271664,-553.063,-340.922,-0.288777,0.00265293,0.00248909,World,eIoni,0.000163846
126734,39,4,e-,80,-553.063,-340.922,-0.288777,-553.018,-340.922,-0.310763,0.00248909,0.00237088,World,eIoni,0.000118205
126734,39,4,e-,81,-553.018,-340.922,-0.310763,-552.978,-340.937,-0.328821,0.00237088,0.00194244,World,eIoni,0.000428439
126734,39,4,e-,82,-552.978,-340.937,-0.328821,-552.959,-340.951,-0.355846,0.00194244,0.000204512,World,eIoni,0.00173793
126734,39,4,e-,83,-552.959,-340.951,-0.355846,-552.958,-340.951,-0.357573,0.000204512,0,World,eIoni,0.000204512
126734,65,39,e-,1,-554.874,-339.237,0.545183,-554.874,-339.242,0.53987,0.00135789,0.00124192,World,msc,0.000115967
126734,65,39,e-,2,-554.874,-339.242,0.53987,-554.874,-339.255,0.523308,0.00124192,0.000726596,World,eIoni,0.000515327
126734,65,39,e-,3,-554.874,-339.255,0.523308,-554.879,-339.265,0.521526,0.000726596,0,World,eIoni,0.000726596
126734,64,39,e-,1,-553.175,-342.498,6.87618,-553.175,-342.503,6.8746,0.00105673,0.00104425,World,msc,1.248e-05
126734,64,39,e-,2,-553.175,-342.503,6.8746,-553.176,-342.52,6.87568,0.00104425,0.000667506,World,eIoni,0.000376745
126734,64,39,e-,3,-553.176,-342.52,6.87568,-553.168,-342.525,6.87491,0.000667506,0,World,eIoni,0.000667506
126734,63,39,e-,1,-553.006,-342.486,6.9317,-553.006,-342.487,6.93589,0.00103016,0.00103016,World,msc,0
126734,63,39,e-,2,-553.006,-342.487,6.93589,-553.006,-342.488,6.95299,0.00103016,0.000736898,World,eIoni,0.000293257
126734,63,39,e-,3,-553.006,-342.488,6.95299,-553.007,-342.477,6.95322,0.000736898,0.000551627,World,eIoni,0.000185271
126734,63,39,e-,4,-553.007,-342.477,6.95322,-553.014,-342.473,6.9496,0.000551627,0.000164093,World,eIoni,0.000387534
126734,63,39,e-,5,-553.014,-342.473,6.9496,-553.015,-342.473,6.94892,0.000164093,0,World,eIoni,0.000164093
126734,62,39,e-,1,-553.006,-342.486,6.9317,-553.007,-342.486,6.93131,0.00047882,0.00047882,World,msc,0
126734,62,39,e-,2,-553.007,-342.486,6.93131,-553.012,-342.484,6.9279,0.00047882,0.000251008,World,eIoni,0.000227812
126734,62,39,e-,3,-553.012,-342.484,6.9279,-553.012,-342.487,6.92839,0.000251008,0,World,eIoni,0.000251008
126734,61,39,e-,1,-550.682,-341.449,7.60856,-550.684,-341.449,7.60931,0.0004939,0.000469466,World,msc,2.44342e-05
126734,61,39,e-,2,-550.684,-341.449,7.60931,-550.689,-341.449,7.61222,0.000469466,0.000209364,World,eIoni,0.000260102
126734,61,39,e-,3,-550.689,-341.449,7.61222,-550.69,-341.45,7.61327,0.000209364,0,World,eIoni,0.000209364
126734,60,39,e-,1,-547.119,-337.584,8.47695,-547.118,-337.589,8.47306,0.00138682,0.00138682,World,msc,0
126734,60,39,e-,2,-547.118,-337.589,8.47306,-547.116,-337.611,8.46452,0.00138682,0.00138682,World,eIoni,0
126734,60,39,e-,3,-547.116,-337.611,8.46452,-547.114,-337.635,8.46178,0.00138682,0.00117166,World,eIoni,0.000215161
126734,60,39,e-,4,-547.114,-337.635,8.46178,-547.125,-337.65,8.45446,0.00117166,0.000452487,World,eIoni,0.000719172
126734,60,39,e-,5,-547.125,-337.65,8.45446,-547.128,-337.655,8.45227,0.000452487,0,World,eIoni,0.000452487
126734,59,39,e-,1,-541.791,-330.82,9.21324,-541.785,-330.822,9.2199,0.00159738,0.00159738,World,msc,0
126734,59,39,e-,2,-541.785,-330.822,9.2199,-541.76,-330.817,9.23163,0.00159738,0.00126532,World,eIoni,0.000332064
126734,59,39,e-,3,-541.76,-330.817,9.23163,-541.766,-330.814,9.25221,0.00126532,0.00122311,World,eIoni,4.2209e-05
126734,59,39,e-,4,-541.766,-330.814,9.25221,-541.77,-330.795,9.26149,0.00122311,0.000868147,World,eIoni,0.000354962
126734,59,39,e-,5,-541.77,-330.795,9.26149,-541.77,-330.809,9.26259,0.000868147,0.000644482,World,eIoni,0.000223665
126734,59,39,e-,6,-541.77,-330.809,9.26259,-541.761,-330.807,9.26324,0.000644482,0.000216592,World,eIoni,0.00042789
126734,59,39,e-,7,-541.761,-330.807,9.26324,-541.76,-330.806,9.26405,0.000216592,0,World,eIoni,0.000216592
126734,58,39,e-,1,-486.575,-292.619,16.2144,-486.554,-292.57,16.1739,0.00524827,0.00515903,World,msc,8.92359e-05
126734,58,39,e-,2,-486.554,-292.57,16.1739,-486.547,-292.475,16.0555,0.00515903,0.00448333,World,eIoni,0.000675698
126734,58,39,e-,3,-486.547,-292.475,16.0555,-486.52,-292.399,15.9645,0.00448333,0.00428775,World,eIoni,0.000195586
126734,58,39,e-,4,-486.52,-292.399,15.9645,-486.427,-292.339,15.9477,0.00428775,0.00398861,World,eIoni,0.000299139
126734,58,39,e-,5,-486.427,-292.339,15.9477,-486.342,-292.313,15.9019,0.00398861,0.00382215,World,eIoni,0.000166461
126734,58,39,e-,6,-486.342,-292.313,15.9019,-486.266,-292.309,15.8464,0.00382215,0.00328233,World,eIoni,0.000539823
126734,58,39,e-,7,-486.266,-292.309,15.8464,-486.198,-292.314,15.8175,0.00328233,0.00281929,World,eIoni,0.000463031
126734,58,39,e-,8,-486.198,-292.314,15.8175,-486.16,-292.356,15.8362,0.00281929,0.001893,World,eIoni,0.000926294
126734,58,39,e-,9,-486.16,-292.356,15.8362,-486.171,-292.379,15.8604,0.001893,0.00180558,World,eIoni,8.74242e-05
126734,58,39,e-,10,-486.171,-292.379,15.8604,-486.191,-292.397,15.8795,0.00180558,0.00100903,World,eIoni,0.000796549
126734,58,39,e-,11,-486.191,-292.397,15.8795,-486.199,-292.407,15.8898,0.00100903,0.000861686,World,eIoni,0.000147341
126734,58,39,e-,12,-486.199,-292.407,15.8898,-486.193,-292.4,15.9003,0.000861686,0.000251368,World,eIoni,0.000610317
126734,58,39,e-,13,-486.193,-292.4,15.9003,-486.192,-292.4,15.9025,0.000251368,0,World,eIoni,0.000251368
126734,57,39,e-,1,-486.575,-292.619,16.2144,-486.574,-292.618,16.2147,0.00038187,0.000294814,World,msc,8.7056e-05
126734,57,39,e-,2,-486.574,-292.618,16.2147,-486.572,-292.617,16.2155,0.000294814,0.000129963,World,eIoni,0.000164851
126734,57,39,e-,3,-486.572,-292.617,16.2155,-486.57,-292.616,16.2155,0.000129963,0,World,eIoni,0.000129963
126734,56,39,e-,1,-480.144,-287.561,33.3838,-480.146,-287.557,33.3842,0.00104781,0.00104781,World,msc,0
126734,56,39,e-,2,-480.146,-287.557,33.3842,-480.156,-287.543,33.3859,0.00104781,0.000464806,World,eIoni,0.000583008
126734,56,39,e-,3,-480.156,-287.543,33.3859,-480.161,-287.539,33.3837,0.000464806,0,World,eIoni,0.000464806
126734,55,39,e-,1,-472.165,-273.051,62.7764,-472.165,-273.062,62.786,0.00216121,0.00205961,World,msc,0.000101605
126734,55,39,e-,2,-472.165,-273.062,62.786,-472.165,-273.092,62.8098,0.00205961,0.000311602,World,eIoni,0.001748
126734,55,39,e-,3,-472.165,-273.092,62.8098,-472.169,-273.091,62.8098,0.000311602,0,World,eIoni,0.000311602
126734,54,39,e-,1,-479.47,-240.171,82.5849,-479.658,-240,82.2751,0.0139885,0.0135372,World,msc,0.000451277
126734,54,39,e-,2,-479.658,-240,82.2751,-480.014,-239.649,81.6175,0.0135372,0.0103185,World,eIoni,0.00321877
126734,54,39,e-,3,-480.014,-239.649,81.6175,-479.965,-239.706,81.1162,0.0103185,0.00924157,World,eIoni,0.00107688
126734,54,39,e-,4,-479.965,-239.706,81.1162,-479.918,-239.568,80.7258,0.00924157,0.00865424,World,eIoni,0.000587334
126734,54,39,e-,5,-479.918,-239.568,80.7258,-479.787,-239.522,80.3821,0.00865424,0.00733816,World,eIoni,0.00131607
126734,54,39,e-,6,-479.787,-239.522,80.3821,-479.63,-239.447,80.1977,0.00733816,0.00470721,World,eIoni,0.000891723
126734,54,39,e-,7,-479.63,-239.447,80.1977,-479.606,-239.33,80.1446,0.00470721,0.00441826,World,eIoni,0.000288952
126734,54,39,e-,8,-479.606,-239.33,80.1446,-479.677,-239.24,80.1727,0.00441826,0.00276419,World,eIoni,0.00165407
126734,54,39,e-,9,-479.677,-239.24,80.1727,-479.66,-239.226,80.2258,0.00276419,0.00272289,World,eIoni,4.13003e-05
126734,54,39,e-,10,-479.66,-239.226,80.2258,-479.672,-239.172,80.2365,0.00272289,0.0020434,World,eIoni,0.000679484
126734,54,39,e-,11,-479.672,-239.172,80.2365,-479.638,-239.154,80.2421,0.0020434,0.00172609,World,eIoni,0.000317307
126734,54,39,e-,12,-479.638,-239.154,80.2421,-479.614,-239.135,80.2402,0.00172609,0.00135316,World,eIoni,0.000372933
126734,54,39,e-,13,-479.614,-239.135,80.2402,-479.596,-239.12,80.2434,0.00135316,0.000662759,World,eIoni,0.000690402
126734,54,39,e-,14,-479.596,-239.12,80.2434,-479.595,-239.123,80.2337,0.000662759,0.00032609,World,eIoni,0.000336668
126734,54,39,e-,15,-479.595,-239.123,80.2337,-479.599,-239.123,80.2322,0.00032609,0.000205703,World,eIoni,0.000120388
126734,54,39,e-,16,-479.599,-239.123,80.2322,-479.597,-239.124,80.2316,0.000205703,0,World,eIoni,0.000205703
126734,66,54,e-,1,-479.63,-239.447,80.1977,-479.62,-239.447,80.1982,0.00173923,0.00171934,World,msc,1.98862e-05
126734,66,54,e-,2,-479.62,-239.447,80.1982,-479.59,-239.446,80.1992,0.00171934,0.000655835,World,eIoni,0.00106351
126734,66,54,e-,3,-479.59,-239.446,80.1992,-479.581,-239.45,80.2027,0.000655835,0.000479718,World,eIoni,0.000176117
126734,66,54,e-,4,-479.581,-239.45,80.2027,-479.576,-239.448,80.1995,0.000479718,0.000281554,World,eIoni,0.000198163
126734,66,54,e-,5,-479.576,-239.448,80.1995,-479.578,-239.447,80.202,0.000281554,0,World,eIoni,0.000281554
126734,53,39,e-,1,-464.816,-230.219,111.026,-465.226,-230.083,111.273,0.0157415,0.0144571,World,msc,0.00128439
126734,53,39,e-,2,-465.226,-230.083,111.273,-465.554,-229.98,111.523,0.0144571,0.0142475,World,msc,0.000209579
126734,53,39,e-,3,-465.554,-229.98,111.523,-465.855,-230.092,111.742,0.0142475,0.0138396,World,msc,0.000407977
126734,53,39,e-,4,-465.855,-230.092,111.742,-466.161,-230.237,111.939,0.0138396,0.0131681,World,msc,0.000671492
126734,53,39,e-,5,-466.161,-230.237,111.939,-466.388,-230.273,112.189,0.0131681,0.0122685,World,msc,0.000899527
126734,53,39,e-,6,-466.388,-230.273,112.189,-466.485,-230.218,112.474,0.0122685,0.0118151,World,msc,0.000453447
126734,53,39,e-,7,-466.485,-230.218,112.474,-466.525,-230.094,112.737,0.0118151,0.0103205,World,msc,0.00149458
126734,53,39,e-,8,-466.525,-230.094,112.737,-466.535,-229.914,112.877,0.0103205,0.00978654,World,msc,0.000533985
126734,53,39,e-,9,-466.535,-229.914,112.877,-466.536,-229.717,112.936,0.00978654,0.00964146,World,msc,0.000145079
126734,53,39,e-,10,-466.536,-229.717,112.936,-466.509,-229.525,112.996,0.00964146,0.00920246,World,msc,0.000438995
126734,53,39,e-,11,-466.509,-229.525,112.996,-466.479,-229.346,113.022,0.00920246,0.00880352,World,msc,0.000398945
126734,53,39,e-,12,-466.479,-229.346,113.022,-466.414,-228.97,112.996,0.00880352,0.00827709,World,eIoni,0.000526426
126734,53,39,e-,13,-466.414,-228.97,112.996,-466.381,-228.635,112.934,0.00827709,0.00779472,World,eIoni,0.000482376
126734,53,39,e-,14,-466.381,-228.635,112.934,-466.386,-228.619,112.938,0.00779472,0.00663983,World,eIoni,0.000676063
126734,53,39,e-,15,-466.386,-228.619,112.938,-466.475,-228.415,113.01,0.00663983,0.00598885,World,eIoni,0.000650979
126734,53,39,e-,16,-466.475,-228.415,113.01,-466.547,-228.411,112.828,0.00598885,0.00542178,World,eIoni,0.000567071
126734,53,39,e-,17,-466.547,-228.411,112.828,-466.56,-228.382,112.665,0.00542178,0.00521446,World,eIoni,0.000207322
126734,53,39,e-,18,-466.56,-228.382,112.665,-466.543,-228.341,112.517,0.00521446,0.00495395,World,eIoni,0.000260512
126734,53,39,e-,19,-466.543,-228.341,112.517,-466.538,-228.315,112.377,0.00495395,0.00464679,World,eIoni,0.000307158
126734,53,39,e-,20,-466.538,-228.315,112.377,-466.587,-228.41,112.447,0.00464679,0.003894,World,eIoni,0.000752794
126734,53,39,e-,21,-466.587,-228.41,112.447,-466.627,-228.497,112.463,0.003894,0.00320431,World,eIoni,0.00068969
126734,53,39,e-,22,-466.627,-228.497,112.463,-466.636,-228.566,112.48,0.00320431,0.00310921,World,eIoni,9.51033e-05
126734,53,39,e-,23,-466.636,-228.566,112.48,-466.659,-228.613,112.524,0.00310921,0.00246964,World,eIoni,0.000639569
126734,53,39,e-,24,-466.659,-228.613,112.524,-466.632,-228.641,112.554,0.00246964,0.00126079,World,eIoni,0.00120885
126734,53,39,e-,25,-466.632,-228.641,112.554,-466.614,-228.653,112.556,0.00126079,0.00111439,World,eIoni,0.0001464
126734,53,39,e-,26,-466.614,-228.653,112.556,-466.609,-228.646,112.54,0.00111439,0.000776391,World,eIoni,0.000337999
126734,53,39,e-,27,-466.609,-228.646,112.54,-466.615,-228.649,112.53,0.000776391,0.000412038,World,eIoni,0.000364353
126734,53,39,e-,28,-466.615,-228.649,112.53,-466.614,-228.649,112.525,0.000412038,0,World,eIoni,0.000412038
126734,67,53,e-,1,-466.386,-228.619,112.938,-466.387,-228.619,112.939,0.00047882,0.000449244,World,msc,2.95757e-05
126734,67,53,e-,2,-466.387,-228.619,112.939,-466.391,-228.619,112.944,0.000449244,0,World,eIoni,0.000449244
126734,52,39,e-,1,-432.545,-211.042,135.701,-432.549,-211.04,135.706,0.00132928,0.00132928,World,msc,0
126734,52,39,e-,2,-432.549,-211.04,135.706,-432.556,-211.031,135.725,0.00132928,0.00117022,World,eIoni,0.000159062
126734,52,39,e-,3,-432.556,-211.031,135.725,-432.571,-211.038,135.737,0.00117022,0.000709736,World,eIoni,0.000460483
126734,52,39,e-,4,-432.571,-211.038,135.737,-432.581,-211.033,135.74,0.000709736,0.000528024,World,eIoni,0.000181711
126734,52,39,e-,5,-432.581,-211.033,135.74,-432.582,-211.038,135.734,0.000528024,0.000333093,World,eIoni,0.000194932
126734,52,39,e-,6,-432.582,-211.038,135.734,-432.578,-211.037,135.734,0.000333093,0,World,eIoni,0.000333093
126734,51,39,e-,1,-425.161,-202.781,139.225,-425.166,-202.78,139.227,0.00118696,0.00110115,World,msc,8.58151e-05
126734,51,39,e-,2,-425.166,-202.78,139.227,-425.184,-202.779,139.231,0.00110115,0.000616081,World,eIoni,0.000485067
126734,51,39,e-,3,-425.184,-202.779,139.231,-425.177,-202.778,139.237,0.000616081,0.000381375,World,eIoni,0.000234707
126734,51,39,e-,4,-425.177,-202.778,139.237,-425.181,-202.78,139.235,0.000381375,0.0001624,World,eIoni,0.000218974
126734,51,39,e-,5,-425.181,-202.78,139.235,-425.181,-202.781,139.236,0.0001624,0,World,eIoni,0.0001624
126734,50,39,e-,1,-415.37,-188.229,144.8,-415.369,-188.226,144.793,0.00142629,0.00142629,World,msc,0
126734,50,39,e-,2,-415.369,-188.226,144.793,-415.369,-188.214,144.772,0.00142629,0.000929818,World,eIoni,0.000496476
126734,50,39,e-,3,-415.369,-188.214,144.772,-415.369,-188.203,144.761,0.000929818,0.000606472,World,eIoni,0.000323347
126734,50,39,e-,4,-415.369,-188.203,144.761,-415.364,-188.197,144.757,0.000606472,0.000305388,World,eIoni,0.000301084
126734,50,39,e-,5,-415.364,-188.197,144.757,-415.363,-188.195,144.755,0.000305388,0,World,eIoni,0.000305388
126734,49,39,e-,1,-414.646,-187.134,145.637,-415.097,-187.625,146.611,0.0430421,0.0405963,World,eIoni,0.00085232
126734,49,39,e-,2,-415.097,-187.625,146.611,-415.989,-188.58,149.126,0.0405963,0.0373517,World,msc,0.00324457
126734,49,39,e-,3,-415.989,-188.58,149.126,-416.015,-188.612,149.211,0.0373517,0.0314282,World,eIoni,0.000445095
126734,49,39,e-,4,-416.015,-188.612,149.211,-416.038,-188.637,149.602,0.0314282,0.0263806,World,eIoni,0.000381998
126734,49,39,e-,5,-416.038,-188.637,149.602,-416.601,-188.543,150.753,0.0263806,0.0250566,World,msc,0.00132401
126734,49,39,e-,6,-416.601,-188.543,150.753,-416.994,-188.409,151.836,0.0250566,0.0238809,World,msc,0.00117561
126734,49,39,e-,7,-416.994,-188.409,151.836,-417.128,-188.299,152.889,0.0238809,0.0222785,World,msc,0.00160243
126734,49,39,e-,8,-417.128,-188.299,152.889,-417.107,-188.148,153.817,0.0222785,0.0216083,World,msc,0.000670209
126734,49,39,e-,9,-417.107,-188.148,153.817,-417.095,-187.948,154.685,0.0216083,0.0212493,World,msc,0.000359028
126734,49,39,e-,10,-417.095,-187.948,154.685,-417.255,-187.832,155.527,0.0212493,0.0204248,World,msc,0.000824505
126734,49,39,e-,11,-417.255,-187.832,155.527,-417.449,-187.59,156.266,0.0204248,0.0186098,World,msc,0.00181494
126734,49,39,e-,12,-417.449,-187.59,156.266,-417.947,-187.092,157.56,0.0186098,0.0164838,World,eIoni,0.00212607
126734,49,39,e-,13,-417.947,-187.092,157.56,-417.926,-186.602,158.635,0.0164838,0.0140547,World,eIoni,0.00242906
126734,49,39,e-,14,-417.926,-186.602,158.635,-417.669,-186.36,159.446,0.0140547,0.0123943,World,eIoni,0.00166037
126734,49,39,e-,15,-417.669,-186.36,159.446,-417.796,-186.092,160.085,0.0123943,0.011044,World,eIoni,0.00135036
126734,49,39,e-,16,-417.796,-186.092,160.085,-417.801,-186.117,160.657,0.011044,0.0100682,World,eIoni,0.000975795
126734,49,39,e-,17,-417.801,-186.117,160.657,-417.846,-186.03,161.133,0.0100682,0.00880389,World,eIoni,0.00126428
126734,49,39,e-,18,-417.846,-186.03,161.133,-417.655,-186.01,161.463,0.00880389,0.00809359,World,eIoni,0.000710302
126734,49,39,e-,19,-417.655,-186.01,161.463,-417.586,-186.258,161.668,0.00809359,0.00776028,World,eIoni,0.000333306
126734,49,39,e-,20,-417.586,-186.258,161.668,-417.678,-186.423,161.909,0.00776028,0.0070857,World,eIoni,0.000674588
126734,49,39,e-,21,-417.678,-186.423,161.909,-417.654,-186.483,162.162,0.0070857,0.0065174,World,eIoni,0.000568292
126734,49,39,e-,22,-417.654,-186.483,162.162,-417.681,-186.526,162.383,0.0065174,0.00524727,World,eIoni,0.00127013
126734,49,39,e-,23,-417.681,-186.526,162.383,-417.691,-186.531,162.514,0.00524727,0.00373485,World,eIoni,0.00103361
126734,49,39,e-,24,-417.691,-186.531,162.514,-417.652,-186.521,162.595,0.00373485,0.00316398,World,eIoni,0.000570871
126734,49,39,e-,25,-417.652,-186.521,162.595,-417.591,-186.527,162.63,0.00316398,0.00302629,World,eIoni,0.000137689
126734,49,39,e-,26,-417.591,-186.527,162.63,-417.543,-186.483,162.626,0.00302629,0.00261778,World,eIoni,0.000408511
126734,49,39,e-,27,-417.543,-186.483,162.626,-417.514,-186.442,162.606,0.00261778,0.00235674,World,eIoni,0.000261034
126734,49,39,e-,28,-417.514,-186.442,162.606,-417.514,-186.401,162.586,0.00235674,0.0020234,World,eIoni,0.00033334
126734,49,39,e-,29,-417.514,-186.401,162.586,-417.523,-186.364,162.582,0.0020234,0.00191167,World,eIoni,0.000111733
126734,49,39,e-,30,-417.523,-186.364,162.582,-417.53,-186.332,162.569,0.00191167,0.000854955,World,eIoni,0.00105672
126734,49,39,e-,31,-417.53,-186.332,162.569,-417.52,-186.325,162.563,0.000854955,0.000475165,World,eIoni,0.000379789
126734,49,39,e-,32,-417.52,-186.325,162.563,-417.514,-186.322,162.562,0.000475165,0,World,eIoni,0.000475165
126734,72,49,e-,1,-417.691,-186.531,162.514,-417.691,-186.53,162.513,0.00047882,0.000451107,World,msc,2.77134e-05
126734,72,49,e-,2,-417.691,-186.53,162.513,-417.69,-186.529,162.507,0.000451107,0.000306828,World,eIoni,0.000144278
126734,72,49,e-,3,-417.69,-186.529,162.507,-417.688,-186.53,162.51,0.000306828,0,World,eIoni,0.000306828
126734,71,49,e-,1,-416.038,-188.637,149.602,-415.998,-188.67,149.62,0.00466565,0.00463769,World,msc,2.79624e-05
126734,71,49,e-,2,-415.998,-188.67,149.62,-415.904,-188.746,149.658,0.00463769,0.00285808,World,eIoni,0.00127068
126734,71,49,e-,3,-415.904,-188.746,149.658,-415.873,-188.795,149.675,0.00285808,0.0025058,World,eIoni,0.000352274
126734,71,49,e-,4,-415.873,-188.795,149.675,-415.883,-188.79,149.724,0.0025058,0.00194324,World,eIoni,0.000562561
126734,71,49,e-,5,-415.883,-188.79,149.724,-415.884,-188.766,149.751,0.00194324,0.00119094,World,eIoni,0.000752304
126734,71,49,e-,6,-415.884,-188.766,149.751,-415.869,-188.763,149.764,0.00119094,0.00111555,World,eIoni,7.53901e-05
126734,71,49,e-,7,-415.869,-188.763,149.764,-415.855,-188.765,149.777,0.00111555,0.000840805,World,eIoni,0.000274742
126734,71,49,e-,8,-415.855,-188.765,149.777,-415.861,-188.753,149.779,0.000840805,0.000665967,World,eIoni,0.000174838
126734,71,49,e-,9,-415.861,-188.753,149.779,-415.857,-188.759,149.771,0.000665967,0.000363269,World,eIoni,0.000302698
126734,71,49,e-,10,-415.857,-188.759,149.771,-415.854,-188.756,149.771,0.000363269,0,World,eIoni,0.000363269
126734,73,71,e-,1,-415.904,-188.746,149.658,-415.905,-188.745,149.658,0.00050894,0.000434057,World,msc,7.48834e-05
126734,73,71,e-,2,-415.905,-188.745,149.658,-415.908,-188.741,149.66,0.000434057,0.000257904,World,eIoni,0.000176153
126734,73,71,e-,3,-415.908,-188.741,149.66,-415.909,-188.743,149.66,0.000257904,0,World,eIoni,0.000257904
126734,70,49,e-,1,-416.015,-188.612,149.211,-416.064,-188.663,149.213,0.00547842,0.00518595,World,msc,0.000292474
126734,70,49,e-,2,-416.064,-188.663,149.213,-416.187,-188.747,149.249,0.00518595,0.00444001,World,eIoni,0.000745943
126734,70,49,e-,3,-416.187,-188.747,149.249,-416.247,-188.85,149.247,0.00444001,0.00309935,World,eIoni,0.00134066
126734,70,49,e-,4,-416.247,-188.85,149.247,-416.203,-188.88,149.204,0.00309935,0.00270509,World,eIoni,0.000394255
126734,70,49,e-,5,-416.203,-188.88,149.204,-416.166,-188.92,149.218,0.00270509,0.00109167,World,eIoni,0.00161343
126734,70,49,e-,6,-416.166,-188.92,149.218,-416.159,-188.932,149.23,0.00109167,0.000784394,World,eIoni,0.000307272
126734,70,49,e-,7,-416.159,-188.932,149.23,-416.157,-188.944,149.233,0.000784394,0.000543455,World,eIoni,0.000240939
126734,70,49,e-,8,-416.157,-188.944,149.233,-416.164,-188.943,149.23,0.000543455,0.000316871,World,eIoni,0.000226583
126734,70,49,e-,9,-416.164,-188.943,149.23,-416.166,-188.94,149.229,0.000316871,0.000256638,World,eIoni,6.02334e-05
126734,70,49,e-,10,-416.166,-188.94,149.229,-416.164,-188.938,149.228,0.000256638,0,World,eIoni,0.000256638
126734,69,49,e-,1,-415.097,-187.625,146.611,-415.099,-187.629,146.608,0.00121158,0.00119314,World,msc,1.84333e-05
126734,69,49,e-,2,-415.099,-187.629,146.608,-415.104,-187.64,146.592,0.00119314,0,World,eIoni,0.00119314
126734,68,49,e-,1,-415.097,-187.625,146.611,-415.097,-187.624,146.611,0.00038187,0.000342128,World,msc,3.97417e-05
126734,68,49,e-,2,-415.097,-187.624,146.611,-415.097,-187.62,146.613,0.000342128,0,World,eIoni,0.000342128
126734,38,4,e-,1,-378.342,-128.271,109.265,-378.354,-128.273,109.256,0.00221923,0.00212768,World,msc,9.15485e-05
126734,38,4,e-,2,-378.354,-128.273,109.256,-378.386,-128.28,109.233,0.00212768,0.00200158,World,eIoni,0.000126102
126734,38,4,e-,3,-378.386,-128.28,109.233,-378.415,-128.283,109.209,0.00200158,0.00189633,World,eIoni,0.00010525
126734,38,4,e-,4,-378.415,-128.283,109.209,-378.417,-128.252,109.194,0.00189633,0.00131902,World,eIoni,0.000577308
126734,38,4,e-,5,-378.417,-128.252,109.194,-378.411,-128.233,109.183,0.00131902,0.00118812,World,eIoni,0.000130899
126734,38,4,e-,6,-378.411,-128.233,109.183,-378.413,-128.213,109.181,0.00118812,0.00101371,World,eIoni,0.000174413
126734,38,4,e-,7,-378.413,-128.213,109.181,-378.429,-128.21,109.177,0.00101371,0.000805664,World,eIoni,0.000208042
126734,38,4,e-,8,-378.429,-128.21,109.177,-378.424,-128.208,109.166,0.000805664,0.000491536,World,eIoni,0.000314129
126734,38,4,e-,9,-378.424,-128.208,109.166,-378.429,-128.208,109.161,0.000491536,0,World,eIoni,0.000491536
126734,37,4,e-,1,-331.539,-107.884,66.3729,-331.539,-107.884,66.3727,0.0147912,0.0143887,PlasticScint,msc,0.000402583
126734,37,4,e-,2,-331.539,-107.884,66.3727,-331.541,-107.883,66.3712,0.0143887,0,PlasticScint,eIoni,0.0143887
126734,36,4,e-,1,-331.333,-107.8,66.2164,-331.331,-107.821,66.2197,0.14538,0.135058,PlasticScint,msc,0.0103216
126734,36,4,e-,2,-331.331,-107.821,66.2197,-331.32,-107.875,66.2368,0.135058,0.10864,PlasticScint,eIoni,0.0264186
126734,36,4,e-,3,-331.32,-107.875,66.2368,-331.321,-107.917,66.2435,0.10864,0.0935765,PlasticScint,eIoni,0.0150633
126734,36,4,e-,4,-331.321,-107.917,66.2435,-331.354,-107.922,66.2305,0.0935765,0.0734936,PlasticScint,eIoni,0.0200828
126734,36,4,e-,5,-331.354,-107.922,66.2305,-331.38,-107.924,66.2301,0.0734936,0.0474331,PlasticScint,eIoni,0.0260605
126734,36,4,e-,6,-331.38,-107.924,66.2301,-331.391,-107.93,66.24,0.0474331,0.0183895,PlasticScint,eIoni,0.0290436
126734,36,4,e-,7,-331.391,-107.93,66.24,-331.393,-107.933,66.2425,0.0183895,0,PlasticScint,eIoni,0.0183895
126734,35,4,e-,1,-330.769,-107.527,65.7341,-330.768,-107.525,65.7386,0.0637016,0.06162,PlasticScint,msc,0.00208159
126734,35,4,e-,2,-330.768,-107.525,65.7386,-330.762,-107.521,65.759,0.06162,0.0460664,PlasticScint,eIoni,0.0155536
126734,35,4,e-,3,-330.762,-107.521,65.759,-330.767,-107.519,65.7736,0.0460664,0.0236313,PlasticScint,eIoni,0.0224351
126734,35,4,e-,4,-330.767,-107.519,65.7736,-330.77,-107.516,65.7772,0.0236313,0.00345762,PlasticScint,eIoni,0.0201737
126734,35,4,e-,5,-330.77,-107.516,65.7772,-330.77,-107.516,65.7772,0.00345762,0,PlasticScint,eIoni,0.00345762
126734,34,4,e-,1,-330.734,-107.512,65.7004,-330.734,-107.511,65.7008,0.0285863,0.0275124,PlasticScint,msc,0.00107397
126734,34,4,e-,2,-330.734,-107.511,65.7008,-330.738,-107.506,65.7038,0.0275124,0.00886418,PlasticScint,eIoni,0.0186482
126734,34,4,e-,3,-330.738,-107.506,65.7038,-330.737,-107.506,65.7035,0.00886418,0,PlasticScint,eIoni,0.00886418
126734,33,4,e-,1,-330.066,-107.443,65.1642,-330.066,-107.443,65.1646,0.0198196,0.0194961,PlasticScint,msc,0.000323504
126734,33,4,e-,2,-330.066,-107.443,65.1646,-330.065,-107.447,65.1667,0.0194961,0,PlasticScint,eIoni,0.0194961
126734,32,4,e-,1,-239.516,-105.045,-2.34773,-239.516,-105.045,-2.34804,0.00318111,0.0030386,PCB_Rohacell,msc,0.000142509
126734,32,4,e-,2,-239.516,-105.045,-2.34804,-239.517,-105.048,-2.34955,0.0030386,0,PCB_Rohacell,eIoni,0.0030386
126734,31,4,e-,1,-239.419,-105.036,-2.43132,-239.419,-105.036,-2.43117,0.00224209,0.00211424,PCB_Rohacell,msc,0.000127852
126734,31,4,e-,2,-239.419,-105.036,-2.43117,-239.417,-105.036,-2.43065,0.00211424,0,PCB_Rohacell,eIoni,0.00211424
126734,30,4,e-,1,-238.197,-104.917,-3.46683,-238.196,-104.915,-3.46582,0.00609729,0.00606899,PCB_Rohacell,msc,2.82988e-05
126734,30,4,e-,2,-238.196,-104.915,-3.46582,-238.192,-104.908,-3.46013,0.00606899,0.00373944,PCB_Rohacell,eIoni,0.00232955
126734,30,4,e-,3,-238.192,-104.908,-3.46013,-238.191,-104.904,-3.45948,0.00373944,0,PCB_Rohacell,eIoni,0.00373944
126734,29,4,e-,1,-236.627,-104.821,-4.7779,-236.627,-104.821,-4.77821,0.00407681,0.00394737,PCB_Rohacell,msc,0.000129441
126734,29,4,e-,2,-236.627,-104.821,-4.77821,-236.628,-104.826,-4.78055,0.00394737,0.000161983,PCB_Rohacell,eIoni,0.00378538
126734,29,4,e-,3,-236.628,-104.826,-4.78055,-236.628,-104.826,-4.78058,0.000161983,0,PCB_Rohacell,eIoni,0.000161983
126734,28,4,e-,1,-235.862,-104.761,-5.43322,-235.861,-104.761,-5.43176,0.00647543,0.00627085,PCB_Rohacell,msc,0.000204577
126734,28,4,e-,2,-235.861,-104.761,-5.43176,-235.852,-104.759,-5.42548,0.00627085,0.00138776,PCB_Rohacell,eIoni,0.0048831
126734,28,4,e-,3,-235.852,-104.759,-5.42548,-235.853,-104.759,-5.42596,0.00138776,0,PCB_Rohacell,eIoni,0.00138776
126734,27,4,e-,1,-234.939,-104.687,-6.25507,-234.939,-104.687,-6.25508,0.00103114,0.00100337,PCB_Rohacell,msc,2.77662e-05
126734,27,4,e-,2,-234.939,-104.687,-6.25508,-234.939,-104.687,-6.25514,0.00100337,0,PCB_Rohacell,eIoni,0.00100337
126734,26,4,e-,1,-166.73,-88.0692,-6.01174,-166.727,-88.0773,-6.01323,0.00158744,0.00158744,World,msc,0
126734,26,4,e-,2,-166.727,-88.0773,-6.01323,-166.721,-88.1015,-6.0265,0.00158744,0.00125443,World,eIoni,0.000333016
126734,26,4,e-,3,-166.721,-88.1015,-6.0265,-166.719,-88.1176,-6.04047,0.00125443,0.000876308,World,eIoni,0.000378118
126734,26,4,e-,4,-166.719,-88.1176,-6.04047,-166.71,-88.1277,-6.03681,0.000876308,0.000707665,World,eIoni,0.000168643
126734,26,4,e-,5,-166.71,-88.1277,-6.03681,-166.705,-88.1335,-6.02888,0.000707665,0.000274272,World,eIoni,0.000433393
126734,26,4,e-,6,-166.705,-88.1335,-6.02888,-166.706,-88.1362,-6.02827,0.000274272,0,World,eIoni,0.000274272
126734,76,2,e-,1,1.35402,-45.8683,-0.81075,1.31117,-45.6649,-0.750355,1.13993,1.08892,He3Cap_Al,msc,0.0510102
126734,76,2,e-,2,1.31117,-45.6649,-0.750355,1.21693,-45.5808,-0.737744,1.08892,0.933282,He3Cap_Al,eIoni,0.0631785
126734,76,2,e-,3,1.21693,-45.5808,-0.737744,1.07784,-45.4876,-0.722538,0.933282,0.883959,He3Cap_Al,msc,0.0493233
126734,76,2,e-,4,1.07784,-45.4876,-0.722538,0.97314,-45.3685,-0.708413,0.883959,0.813659,He3Cap_Al,msc,0.0702995
126734,76,2,e-,5,0.97314,-45.3685,-0.708413,0.871578,-45.2843,-0.655411,0.813659,0.775535,He3Cap_Al,msc,0.0381239
126734,76,2,e-,6,0.871578,-45.2843,-0.655411,0.780374,-45.2261,-0.577856,0.775535,0.69289,He3Cap_Al,msc,0.0826453
126734,76,2,e-,7,0.780374,-45.2261,-0.577856,0.757752,-45.172,-0.480422,0.69289,0.644315,He3Cap_Al,msc,0.0485751
126734,76,2,e-,8,0.757752,-45.172,-0.480422,0.746861,-45.1184,-0.392508,0.644315,0.613145,He3Cap_Al,msc,0.0311699
126734,76,2,e-,9,0.746861,-45.1184,-0.392508,0.748623,-45.0606,-0.318908,0.613145,0.586019,He3Cap_Al,msc,0.0271264
126734,76,2,e-,10,0.748623,-45.0606,-0.318908,0.737575,-45.0227,-0.269157,0.586019,0.568276,He3Cap_Al,msc,0.0177423
126734,76,2,e-,11,0.737575,-45.0227,-0.269157,0.725262,-45.0004,-0.245111,0.568276,0.557473,He3Cap_Al,msc,0.0108037
126734,76,2,e-,12,0.725262,-45.0004,-0.245111,0.719041,-44.9908,-0.234539,0.557473,0.553015,He3Cap_Al,msc,0.00445746
126734,76,2,e-,13,0.719041,-44.9908,-0.234539,0.716255,-44.987,-0.230335,0.553015,0.552035,He3Cap_Al,msc,0.000980527
126734,76,2,e-,14,0.716255,-44.987,-0.230335,0.715298,-44.9856,-0.228666,0.552035,0.55193,He3Cap_Al,msc,0.000104587
126734,76,2,e-,15,0.715298,-44.9856,-0.228666,0.715248,-44.9855,-0.228579,0.55193,0.551918,He3Cap_Al,msc,1.22956e-05
126734,76,2,e-,16,0.715248,-44.9855,-0.228579,0.714917,-44.9852,-0.228004,0.551918,0.551781,He3Cap_Al,msc,0.000137188
126734,76,2,e-,17,0.714917,-44.9852,-0.228004,0.714653,-44.9849,-0.227531,0.551781,0.548859,He3Cap_Al,Transportation,0.00292197
126734,76,2,e-,18,0.714653,-44.9849,-0.227531,0.713748,-44.9839,-0.225908,0.548859,0.548859,He3Gas,msc,0
126734,76,2,e-,19,0.713748,-44.9839,-0.225908,0.698498,-44.9663,-0.199193,0.548859,0.548355,He3Gas,msc,0.000504024
126734,76,2,e-,20,0.698498,-44.9663,-0.199193,0.681004,-44.9466,-0.168767,0.548355,0.547451,He3Gas,msc,0.00090308
126734,76,2,e-,21,0.681004,-44.9466,-0.168767,0.680564,-44.9461,-0.168015,0.547451,0.547451,He3Gas,msc,0
126734,76,2,e-,22,0.680564,-44.9461,-0.168015,0.675133,-44.9403,-0.158955,0.547451,0.547411,He3Gas,msc,4.07471e-05
126734,76,2,e-,23,0.675133,-44.9403,-0.158955,0.674716,-44.9398,-0.158254,0.547411,0.547411,He3Gas,msc,0
126734,76,2,e-,24,0.674716,-44.9398,-0.158254,0.649638,-44.9126,-0.114586,0.547411,0.546271,He3Gas,msc,0.00114016
126734,76,2,e-,25,0.649638,-44.9126,-0.114586,0.649472,-44.9124,-0.114305,0.546271,0.546266,He3Gas,msc,4.19454e-06
126734,76,2,e-,26,0.649472,-44.9124,-0.114305,0.634697,-44.8971,-0.0891533,0.546266,0.545953,He3Gas,msc,0.000313239
126734,76,2,e-,27,0.634697,-44.8971,-0.0891533,0.627719,-44.89,-0.0772784,0.545953,0.545805,He3Gas,msc,0.000147834
126734,76,2,e-,28,0.627719,-44.89,-0.0772784,0.620146,-44.8826,-0.0650013,0.545805,0.54556,He3Gas,msc,0.000245677
126734,76,2,e-,29,0.620146,-44.8826,-0.0650013,0.619309,-44.8816,-0.0634949,0.54556,0.54361,He3Gas,eIoni,0
126734,76,2,e-,30,0.619309,-44.8816,-0.0634949,0.569714,-44.8166,0.0341911,0.54361,0.542895,He3Gas,msc,0.000715265
126734,76,2,e-,31,0.569714,-44.8166,0.0341911,0.497855,-44.7154,0.163512,0.542895,0.540625,He3Gas,msc,0.00227003
126734,76,2,e-,32,0.497855,-44.7154,0.163512,0.403901,-44.5807,0.318746,0.540625,0.539089,He3Gas,msc,0.001536
126734,76,2,e-,33,0.403901,-44.5807,0.318746,0.301188,-44.443,0.479514,0.539089,0.537201,He3Gas,msc,0.00188733
126734,76,2,e-,34,0.301188,-44.443,0.479514,0.19703,-44.3468,0.59591,0.537201,0.535407,He3Gas,msc,0.0017944
126734,76,2,e-,35,0.19703,-44.3468,0.59591,0.12445,-44.281,0.669171,0.535407,0.534504,He3Gas,msc,0.000903377
126734,76,2,e-,36,0.12445,-44.281,0.669171,0.0826832,-44.2445,0.710822,0.534504,0.533982,He3Gas,msc,0.000521023
126734,76,2,e-,37,0.0826832,-44.2445,0.710822,0.0447849,-44.2117,0.748662,0.533982,0.533384,He3Gas,Transportation,0.000598489
126734,76,2,e-,38,0.0447849,-44.2117,0.748662,0.0446095,-44.2116,0.748837,0.533384,0.533324,He3Cap_Al,msc,5.98316e-05
126734,76,2,e-,39,0.0446095,-44.2116,0.748837,0.0444754,-44.2115,0.748972,0.533324,0.533324,He3Cap_Al,msc,0
126734,76,2,e-,40,0.0444754,-44.2115,0.748972,0.0443993,-44.2114,0.749037,0.533324,0.533324,He3Cap_Al,msc,0
126734,76,2,e-,41,0.0443993,-44.2114,0.749037,0.0441228,-44.2111,0.749279,0.533324,0.533081,He3Cap_Al,msc,0.000242685
126734,76,2,e-,42,0.0441228,-44.2111,0.749279,0.0437046,-44.2107,0.749631,0.533081,0.532865,He3Cap_Al,msc,0.000216481
126734,76,2,e-,43,0.0437046,-44.2107,0.749631,0.0435756,-44.2106,0.749733,0.532865,0.532865,He3Cap_Al,msc,0
126734,76,2,e-,44,0.0435756,-44.2106,0.749733,0.0435631,-44.2106,0.749743,0.532865,0.532858,He3Cap_Al,msc,7.33417e-06
126734,76,2,e-,45,0.0435631,-44.2106,0.749743,0.0432418,-44.2103,0.750005,0.532858,0.532831,He3Cap_Al,msc,2.63015e-05
126734,76,2,e-,46,0.0432418,-44.2103,0.750005,0.0424476,-44.2096,0.750627,0.532831,0.531871,He3Cap_Al,msc,0.000960691
126734,76,2,e-,47,0.0424476,-44.2096,0.750627,0.0413056,-44.2084,0.751481,0.531871,0.531504,He3Cap_Al,msc,0.000367158
126734,76,2,e-,48,0.0413056,-44.2084,0.751481,0.0396725,-44.2067,0.752604,0.531504,0.53117,He3Cap_Al,msc,0.000333935
126734,76,2,e-,49,0.0396725,-44.2067,0.752604,0.0373349,-44.2043,0.753982,0.53117,0.53045,He3Cap_Al,msc,0.000719554
126734,76,2,e-,50,0.0373349,-44.2043,0.753982,0.0344115,-44.2009,0.75602,0.53045,0.528885,He3Cap_Al,msc,0.00156544
126734,76,2,e-,51,0.0344115,-44.2009,0.75602,0.0307061,-44.1963,0.759357,0.528885,0.526241,He3Cap_Al,msc,0.0026439
126734,76,2,e-,52,0.0307061,-44.1963,0.759357,0.0252397,-44.1902,0.765093,0.526241,0.518959,He3Cap_Al,msc,0.00728208
126734,76,2,e-,53,0.0252397,-44.1902,0.765093,0.0179727,-44.1793,0.773146,0.518959,0.516582,He3Cap_Al,msc,0.00237708
126734,76,2,e-,54,0.0179727,-44.1793,0.773146,0.00660368,-44.1608,0.78162,0.516582,0.510039,He3Cap_Al,msc,0.00654235
126734,76,2,e-,55,0.00660368,-44.1608,0.78162,-0.00816341,-44.1339,0.788781,0.510039,0.495598,He3Cap_Al,msc,0.0144413
126734,76,2,e-,56,-0.00816341,-44.1339,0.788781,-0.0212125,-44.101,0.804088,0.495598,0.471904,He3Cap_Al,msc,0.0236938
126734,76,2,e-,57,-0.0212125,-44.101,0.804088,-0.0625124,-44.0731,0.814125,0.471904,0.447807,He3Cap_Al,msc,0.0240967
126734,76,2,e-,58,-0.0625124,-44.0731,0.814125,-0.108381,-44.0583,0.853094,0.447807,0.405605,He3Cap_Al,msc,0.0422026
126734,76,2,e-,59,-0.108381,-44.0583,0.853094,-0.144349,-44.0624,0.892354,0.405605,0.381166,He3Cap_Al,msc,0.0244389
126734,76,2,e-,60,-0.144349,-44.0624,0.892354,-0.186137,-44.0724,0.915019,0.381166,0.362275,He3Cap_Al,msc,0.0188907
126734,76,2,e-,61,-0.186137,-44.0724,0.915019,-0.224563,-44.0573,0.932592,0.362275,0.341078,He3Cap_Al,msc,0.0211968
126734,76,2,e-,62,-0.224563,-44.0573,0.932592,-0.262992,-44.0556,0.941391,0.341078,0.325239,He3Cap_Al,msc,0.0158399
126734,76,2,e-,63,-0.262992,-44.0556,0.941391,-0.299061,-44.0505,0.932095,0.325239,0.286559,He3Cap_Al,msc,0.0386795
126734,76,2,e-,64,-0.299061,-44.0505,0.932095,-0.301963,-44.0388,0.905676,0.286559,0.272988,He3Cap_Al,msc,0.0135713
126734,76,2,e-,65,-0.301963,-44.0388,0.905676,-0.287742,-44.0328,0.881697,0.272988,0.25968,He3Cap_Al,msc,0.0133079
126734,76,2,e-,66,-0.287742,-44.0328,0.881697,-0.279586,-44.0458,0.859389,0.25968,0.250165,He3Cap_Al,msc,0.00951474
126734,76,2,e-,67,-0.279586,-44.0458,0.859389,-0.271207,-44.0597,0.839969,0.250165,0.235206,He3Cap_Al,msc,0.0149587
126734,76,2,e-,68,-0.271207,-44.0597,0.839969,-0.265962,-44.073,0.821949,0.235206,0.212754,He3Cap_Al,msc,0.0224526
126734,76,2,e-,69,-0.265962,-44.073,0.821949,-0.261485,-44.0697,0.805708,0.212754,0.197251,He3Cap_Al,msc,0.0155024
126734,76,2,e-,70,-0.261485,-44.0697,0.805708,-0.259594,-44.0612,0.79063,0.197251,0.187464,He3Cap_Al,msc,0.00978708
126734,76,2,e-,71,-0.259594,-44.0612,0.79063,-0.25871,-44.0579,0.775002,0.187464,0.180896,He3Cap_Al,msc,0.00656796
126734,76,2,e-,72,-0.25871,-44.0579,0.775002,-0.258221,-44.0557,0.760099,0.180896,0.174687,He3Cap_Al,msc,0.00620896
126734,76,2,e-,73,-0.258221,-44.0557,0.760099,-0.262603,-44.0521,0.74781,0.174687,0.169346,He3Cap_Al,msc,0.00534164
126734,76,2,e-,74,-0.262603,-44.0521,0.74781,-0.270151,-44.0542,0.737833,0.169346,0.161922,He3Cap_Al,msc,0.00742429
126734,76,2,e-,75,-0.270151,-44.0542,0.737833,-0.276105,-44.0623,0.730265,0.161922,0.155849,He3Cap_Al,msc,0.00607233
126734,76,2,e-,76,-0.276105,-44.0623,0.730265,-0.280217,-44.0694,0.721751,0.155849,0.15013,He3Cap_Al,msc,0.00571895
126734,76,2,e-,77,-0.280217,-44.0694,0.721751,-0.282236,-44.0704,0.71111,0.15013,0.143275,He3Cap_Al,msc,0.00685494
126734,76,2,e-,78,-0.282236,-44.0704,0.71111,-0.288915,-44.0714,0.704221,0.143275,0.136789,He3Cap_Al,msc,0.00648659
126734,76,2,e-,79,-0.288915,-44.0714,0.704221,-0.294107,-44.0781,0.700145,0.136789,0.132945,He3Cap_Al,msc,0.00384368
126734,76,2,e-,80,-0.294107,-44.0781,0.700145,-0.300611,-44.0783,0.694009,0.132945,0.130629,He3Cap_Al,msc,0.00231612
126734,76,2,e-,81,-0.300611,-44.0783,0.694009,-0.305087,-44.076,0.690252,0.130629,0.125702,He3Cap_Al,msc,0.00492668
126734,76,2,e-,82,-0.305087,-44.076,0.690252,-0.308228,-44.0733,0.688121,0.125702,0.124188,He3Cap_Al,msc,0.00151388
126734,76,2,e-,83,-0.308228,-44.0733,0.688121,-0.311068,-44.0714,0.686028,0.124188,0.123343,He3Cap_Al,msc,0.000845409
126734,76,2,e-,84,-0.311068,-44.0714,0.686028,-0.31373,-44.0705,0.684442,0.123343,0.120918,He3Cap_Al,msc,0.00242511
126734,76,2,e-,85,-0.31373,-44.0705,0.684442,-0.315768,-44.0694,0.682675,0.120918,0.115427,He3Cap_Al,msc,0.00549077
126734,76,2,e-,86,-0.315768,-44.0694,0.682675,-0.317066,-44.0684,0.681238,0.115427,0.113643,He3Cap_Al,msc,0.0017841
126734,76,2,e-,87,-0.317066,-44.0684,0.681238,-0.317976,-44.0676,0.680633,0.113643,0.11232,He3Cap_Al,msc,0.00132338
126734,76,2,e-,88,-0.317976,-44.0676,0.680633,-0.318965,-44.0669,0.680304,0.11232,0.111976,He3Cap_Al,msc,0.000343167
126734,76,2,e-,89,-0.318965,-44.0669,0.680304,-0.320048,-44.0663,0.679797,0.111976,0.111877,He3Cap_Al,msc,9.99227e-05
126734,76,2,e-,90,-0.320048,-44.0663,0.679797,-0.320947,-44.0656,0.679025,0.111877,0.111262,He3Cap_Al,msc,0.00061488
126734,76,2,e-,91,-0.320947,-44.0656,0.679025,-0.321538,-44.065,0.678389,0.111262,0.110784,He3Cap_Al,msc,0.000478132
126734,76,2,e-,92,-0.321538,-44.065,0.678389,-0.321739,-44.0644,0.677983,0.110784,0.110717,He3Cap_Al,msc,6.63344e-05
126734,76,2,e-,93,-0.321739,-44.0644,0.677983,-0.321809,-44.0641,0.677754,0.110717,0.110647,He3Cap_Al,msc,6.97678e-05
126734,76,2,e-,94,-0.321809,-44.0641,0.677754,-0.321826,-44.064,0.677695,0.110647,0.11063,He3Cap_Al,msc,1.69891e-05
126734,76,2,e-,95,-0.321826,-44.064,0.677695,-0.32191,-44.0637,0.677465,0.11063,0.110524,He3Cap_Al,msc,0.000105973
126734,76,2,e-,96,-0.32191,-44.0637,0.677465,-0.322057,-44.0637,0.677371,0.110524,0.110496,He3Cap_Al,msc,2.82698e-05
126734,76,2,e-,97,-0.322057,-44.0637,0.677371,-0.322146,-44.0636,0.677317,0.110496,0.110496,He3Cap_Al,msc,0
126734,76,2,e-,98,-0.322146,-44.0636,0.677317,-0.322303,-44.0636,0.677217,0.110496,0.110255,He3Cap_Al,msc,0.00024141
126734,76,2,e-,99,-0.322303,-44.0636,0.677217,-0.322313,-44.0636,0.677211,0.110255,0.110245,He3Cap_Al,Transportation,9.36006e-06
126734,76,2,e-,100,-0.322313,-44.0636,0.677211,-0.326111,-44.0622,0.674762,0.110245,0.10992,He3Gas,msc,0.00032502
126734,76,2,e-,101,-0.326111,-44.0622,0.674762,-0.326636,-44.062,0.674428,0.10992,0.10992,He3Gas,msc,0
126734,76,2,e-,102,-0.326636,-44.062,0.674428,-0.331447,-44.0603,0.671444,0.10992,0.109638,He3Gas,msc,0.000282376
126734,76,2,e-,103,-0.331447,-44.0603,0.671444,-0.334635,-44.0591,0.669327,0.109638,0.109562,He3Gas,msc,7.58875e-05
126734,76,2,e-,104,-0.334635,-44.0591,0.669327,-0.339912,-44.0569,0.665327,0.109562,0.109448,He3Gas,msc,0.000114227
126734,76,2,e-,105,-0.339912,-44.0569,0.665327,-0.346501,-44.0544,0.660495,0.109448,0.109367,He3Gas,msc,8.11094e-05
126734,76,2,e-,106,-0.346501,-44.0544,0.660495,-0.352888,-44.0522,0.655772,0.109367,0.106833,He3Gas,eIoni,7.46985e-05
126734,76,2,e-,107,-0.352888,-44.0522,0.655772,-0.357562,-44.0502,0.653163,0.106833,0.10675,He3Gas,msc,8.25428e-05
126734,76,2,e-,108,-0.357562,-44.0502,0.653163,-0.362674,-44.0485,0.650901,0.10675,0.106581,He3Gas,msc,0.000169144
126734,76,2,e-,109,-0.362674,-44.0485,0.650901,-0.369394,-44.0466,0.648258,0.106581,0.106471,He3Gas,msc,0.000110339
126734,76,2,e-,110,-0.369394,-44.0466,0.648258,-0.377219,-44.0444,0.645176,0.106471,0.106271,He3Gas,msc,0.000199588
126734,76,2,e-,111,-0.377219,-44.0444,0.645176,-0.385502,-44.042,0.641872,0.106271,0.105974,He3Gas,msc,0.000296692
126734,76,2,e-,112,-0.385502,-44.042,0.641872,-0.387463,-44.0415,0.641073,0.105974,0.1059,He3Gas,msc,7.43581e-05
126734,76,2,e-,113,-0.387463,-44.0415,0.641073,-0.392822,-44.0399,0.638898,0.1059,0.105881,He3Gas,Transportation,1.85783e-05
126734,76,2,e-,114,-0.392822,-44.0399,0.638898,-0.392829,-44.0399,0.638895,0.105881,0.105875,He3Cap_Al,msc,6.77502e-06
126734,76,2,e-,115,-0.392829,-44.0399,0.638895,-0.392923,-44.0398,0.638864,0.105875,0.105875,He3Cap_Al,msc,0
126734,76,2,e-,116,-0.392923,-44.0398,0.638864,-0.393043,-44.0398,0.63883,0.105875,0.105875,He3Cap_Al,msc,0
126734,76,2,e-,117,-0.393043,-44.0398,0.63883,-0.393045,-44.0398,0.638829,0.105875,0.105873,He3Cap_Al,msc,1.88328e-06
126734,76,2,e-,118,-0.393045,-44.0398,0.638829,-0.393464,-44.0398,0.638714,0.105873,0.105488,He3Cap_Al,msc,0.000384467
126734,76,2,e-,119,-0.393464,-44.0398,0.638714,-0.393484,-44.0398,0.638708,0.105488,0.103345,He3Cap_Al,msc,0.00214359
126734,76,2,e-,120,-0.393484,-44.0398,0.638708,-0.393756,-44.0398,0.638618,0.103345,0.103345,He3Cap_Al,msc,0
126734,76,2,e-,121,-0.393756,-44.0398,0.638618,-0.394075,-44.0398,0.638541,0.103345,0.103227,He3Cap_Al,msc,0.000117355
126734,76,2,e-,122,-0.394075,-44.0398,0.638541,-0.394171,-44.0398,0.638514,0.103227,0.103227,He3Cap_Al,msc,0
126734,76,2,e-,123,-0.394171,-44.0398,0.638514,-0.394192,-44.0398,0.638508,0.103227,0.103227,He3Cap_Al,msc,0
126734,76,2,e-,124,-0.394192,-44.0398,0.638508,-0.394199,-44.0398,0.638507,0.103227,0.103221,He3Cap_Al,msc,5.94289e-06
126734,76,2,e-,125,-0.394199,-44.0398,0.638507,-0.394234,-44.0398,0.638504,0.103221,0.103046,He3Cap_Al,msc,0.000175262
126734,76,2,e-,126,-0.394234,-44.0398,0.638504,-0.394244,-44.0398,0.638503,0.103046,0.103038,He3Cap_Al,msc,8.53647e-06
126734,76,2,e-,127,-0.394244,-44.0398,0.638503,-0.394323,-44.0398,0.638489,0.103038,0.103024,He3Cap_Al,msc,1.32488e-05
126734,76,2,e-,128,-0.394323,-44.0398,0.638489,-0.394739,-44.0397,0.638405,0.103024,0.102712,He3Cap_Al,msc,0.000312347
126734,76,2,e-,129,-0.394739,-44.0397,0.638405,-0.395281,-44.0395,0.638325,0.102712,0.1027,He3Cap_Al,msc,1.17313e-05
126734,76,2,e-,130,-0.395281,-44.0395,0.638325,-0.396012,-44.0391,0.638218,0.1027,0.102051,He3Cap_Al,msc,0.000649333
126734,76,2,e-,131,-0.396012,-44.0391,0.638218,-0.396999,-44.0387,0.638121,0.102051,0.101936,He3Cap_Al,msc,0.000115253
126734,76,2,e-,132,-0.396999,-44.0387,0.638121,-0.398385,-44.038,0.638154,0.101936,0.101164,He3Cap_Al,msc,0.000771333
126734,76,2,e-,133,-0.398385,-44.038,0.638154,-0.400559,-44.0374,0.638483,0.101164,0.0989996,He3Cap_Al,msc,0.00216465
126734,76,2,e-,134,-0.400559,-44.0374,0.638483,-0.403743,-44.0365,0.639729,0.0989996,0.096192,He3Cap_Al,msc,0.00280768
126734,76,2,e-,135,-0.403743,-44.0365,0.639729,-0.406807,-44.034,0.643,0.096192,0.0932256,He3Cap_Al,msc,0.00296639
126734,76,2,e-,136,-0.406807,-44.034,0.643,-0.40865,-44.0322,0.646134,0.0932256,0.0877117,He3Cap_Al,msc,0.00551384
126734,76,2,e-,137,-0.40865,-44.0322,0.646134,-0.409612,-44.0339,0.650135,0.0877117,0.0850121,He3Cap_Al,msc,0.00269961
126734,76,2,e-,138,-0.409612,-44.0339,0.650135,-0.412039,-44.0354,0.653193,0.0850121,0.0807653,He3Cap_Al,msc,0.00424683
126734,76,2,e-,139,-0.412039,-44.0354,0.653193,-0.414455,-44.0373,0.655502,0.0807653,0.0780926,He3Cap_Al,msc,0.00267272
126734,76,2,e-,140,-0.414455,-44.0373,0.655502,-0.41631,-44.0379,0.657959,0.0780926,0.0715398,He3Cap_Al,msc,0.00655279
126734,76,2,e-,141,-0.41631,-44.0379,0.657959,-0.416225,-44.0361,0.660534,0.0715398,0.0700246,He3Cap_Al,msc,0.00151517
126734,76,2,e-,142,-0.416225,-44.0361,0.660534,-0.415385,-44.0335,0.661201,0.0700246,0.0621103,He3Cap_Al,msc,0.00791429
126734,76,2,e-,143,-0.415385,-44.0335,0.661201,-0.413837,-44.032,0.661876,0.0621103,0.0584582,He3Cap_Al,msc,0.00365206
126734,76,2,e-,144,-0.413837,-44.032,0.661876,-0.40564,-44.0293,0.662218,0.0584582,0.0270482,He3Cap_Al,eIoni,0.03141
126734,76,2,e-,145,-0.40564,-44.0293,0.662218,-0.407233,-44.0281,0.661106,0.0270482,0,He3Cap_Al,eIoni,0.0270482
126734,79,76,e-,1,-0.352888,-44.0522,0.655772,-0.352849,-44.0523,0.655656,0.00245952,0.00236187,He3Gas,msc,9.76479e-05
126734,79,76,e-,2,-0.352849,-44.0523,0.655656,-0.353594,-44.0531,0.6569,0.00236187,0,He3Gas,eIoni,0.00236187
126734,78,76,e-,1,0.619309,-44.8816,-0.0634949,0.619185,-44.8817,-0.0634861,0.00194969,0.0018954,He3Gas,msc,5.42984e-05
126734,78,76,e-,2,0.619185,-44.8817,-0.0634861,0.618158,-44.8822,-0.0634354,0.0018954,0,He3Gas,eIoni,0.0018954
126734,77,76,e-,1,1.21693,-45.5808,-0.737744,1.21649,-45.5803,-0.732958,0.0924636,0.0887305,He3Cap_Al,msc,0.00373307
126734,77,76,e-,2,1.21649,-45.5803,-0.732958,1.2174,-45.5781,-0.717559,0.0887305,0.0680909,He3Cap_Al,eIoni,0.0206395
126734,77,76,e-,3,1.2174,-45.5781,-0.717559,1.20805,-45.579,-0.712145,0.0680909,0.0450007,He3Cap_Al,eIoni,0.0230903
126734,77,76,e-,4,1.20805,-45.579,-0.712145,1.21208,-45.5802,-0.715918,0.0450007,0.0142088,He3Cap_Al,eIoni,0.0307919
126734,77,76,e-,5,1.21208,-45.5802,-0.715918,1.2119,-45.5808,-0.716234,0.0142088,0,He3Cap_Al,eIoni,0.0142088
126734,81,74,gamma,1,1.35402,-45.8683,-0.81075,-0.843468,-41.6831,-3.39685,1.77897,1.77897,He3Cap_Al,Transportation,0
126734,81,74,gamma,2,-0.843468,-41.6831,-3.39685,-1.47849,-40.4737,-4.14416,1.77897,1.77897,He3Cap_CFRP,Transportation,0
126734,81,74,gamma,3,-1.47849,-40.4737,-4.14416,-308.966,545.15,-366.008,1.77897,1.77897,World,Transportation,0
